"date","y_real","fc_2srr","fc_ridge","e_2srr","e_ridge"
1999-07-01,0.239664584460009,0.311083416623505,0.306678589925057,0.0714188321634963,0.0670140054650479
1999-08-01,0.41803584317579,0.310341599944738,0.197435603283625,-0.107694243231053,-0.220600239892165
1999-09-01,0.178624638146374,0.0932849126013256,0.277996841918294,-0.0853397255450485,0.0993722037719204
1999-10-01,0.178306139365603,0.255397993382828,0.304499238777123,0.077091854017225,0.12619309941152
1999-11-01,0.237248035363091,0.23028782211305,0.339797487939362,-0.00696021325004115,0.102549452576271
1999-12-01,0.295770697723263,0.306917008815734,0.272554948905011,0.0111463110924707,-0.0232157488182523
2000-01-01,0.41261479111725,0.194148314569467,0.274260098981667,-0.218466476547782,-0.138354692135583
2000-02-01,0.58651194523982,0.196166448058992,0.293537903538719,-0.390345497180829,-0.292974041701102
2000-03-01,-0.0584966381114604,0.228734666914317,0.35605615144764,0.287231305025778,0.414552789559101
2000-04-01,0.17538735860958,0.209609588981009,0.29490845988202,0.0342222303714292,0.11952110127244
2000-05-01,0.582412828598855,0.133788130405932,0.362807686904414,-0.448624698192923,-0.219605141694441
2000-06-01,0.289939315900245,0.383686297675824,0.259819175069169,0.0937469817755786,-0.0301201408310765
2000-07-01,0,0.0695391893899988,0.164489157867717,0.0695391893899988,0.164489157867717
2000-08-01,0.519781707361755,-0.0244330726989473,0.253973143017733,-0.544214780060702,-0.265808564344022
2000-09-01,0.172661913398731,0.369163942982702,0.375352823841711,0.196502029583972,0.20269091044298
2000-10-01,0.172364305816508,0.267226938232929,0.214064425533202,0.0948626324164208,0.0417001197166942
2000-11-01,0.229357898709903,0.0870592748677605,0.279307920733991,-0.142298623842143,0.0499500220240875
2000-12-01,0.571103779551496,0.397407244143274,0.345220881323004,-0.173696535408222,-0.225882898228492
2001-01-01,0.227531383713497,0.196406728295452,0.213677920520603,-0.031124655418045,-0.0138534631928942
2001-02-01,0.0568020464008612,0.252037999195501,0.246288342310523,0.19523595279464,0.189486295909662
2001-03-01,0.170212807053094,0.256165975651469,0.413917981768848,0.0859531685983749,0.243705174715754
2001-04-01,0.508906950747168,0.310315433867691,0.349980870490619,-0.198591516879476,-0.158926080256549
2001-05-01,0.225352208044338,0.172579559497548,0.0939175238666686,-0.0527726485467904,-0.13143468417767
2001-06-01,-0.168966528512726,0.142161544317975,0.112114884776622,0.311128072830701,0.281081413289348
2001-07-01,0,0.110668364126541,0.239641506089599,0.110668364126541,0.239641506089599
2001-08-01,0.393812042013764,0.167173605493639,0.217849392779563,-0.226638436520124,-0.1759626492342
2001-09-01,-0.281135973754676,0.259057783212011,0.0229193867228164,0.540193756966687,0.304055360477492
2001-10-01,-0.0563221642599032,0.125661721574905,-0.000794467086310709,0.181983885834808,0.0555276971735925
2001-11-01,-0.0563539039991845,0.0171253316787047,-0.00703189727534365,0.0734792356778892,0.0493220067238408
2001-12-01,0.168966528512726,-0.00832154218289662,0.0902428279850729,-0.177288070695623,-0.0787237005276533
2002-01-01,0.168681513147906,-0.0501337443115454,-0.346217852107159,-0.218815257459451,-0.514899365255065
2002-02-01,0.28050509276083,0.0609755936192637,0.0589610957687329,-0.219529499141566,-0.221543996992097
2002-03-01,0.447177939139376,-0.0758483080963274,0.084300841085392,-0.523026247235703,-0.362877098053984
2002-04-01,0.11148273172461,0.060720362647424,0.119550004204223,-0.0507623690771863,0.00806727247961317
2002-05-01,0.0556947939766239,0.122351894821487,0.133029722430912,0.0666571008448632,0.0773349284542881
2002-06-01,0.222469502211098,0.158011498815817,0.258628623144861,-0.0644580033952804,0.0361591209337633
2002-07-01,0.27739268827256,0.249708652211849,0.171716330196046,-0.0276840360607112,-0.105676358076514
2002-08-01,0.166067018514049,0.211519360680874,0.0722541316413508,0.0454523421668255,-0.0938128868726981
2002-09-01,0.220994565080268,0.181316160725493,0.105079327263699,-0.0396784043547748,-0.115915237816569
2002-10-01,0.165426009602587,0.156968608051234,0.18719363996991,-0.00845740155135352,0.0217676303673228
2002-11-01,0.165152803847324,0.230853136471337,0.175809542164822,0.0657003326240129,0.010656738317498
2002-12-01,0.439078641749013,0.247527921091029,0.221623891141842,-0.191550720657984,-0.217454750607171
2003-01-01,0.546151002552175,0.156735138921226,0.214187705814965,-0.38941586363095,-0.331963296737211
2003-02-01,0.163265342388552,0.205721254303182,0.169125337485177,0.04245591191463,0.00585999509662477
2003-03-01,-0.381367937024546,0.0943063829816962,0.194721867643826,0.475674320006242,0.576089804668372
2003-04-01,-0.163889684321017,0.191960851678035,0.309776877684642,0.355850535999052,0.473666562005659
2003-05-01,0.109289628364451,0.218322220346282,0.216421498623911,0.109032591981832,0.107131870259461
2003-06-01,0.327154054061563,0.538405517130628,0.0856186137265495,0.211251463069065,-0.241535440335013
2003-07-01,0.434547125950147,0.353399345204605,0.0238488650832722,-0.0811477807455414,-0.410698260866874
2003-08-01,0.324675609887048,0.197050765793425,0.131796735802564,-0.127624844093624,-0.192878874084484
2003-09-01,-0.108108118637329,0.230686002468869,0.246508748184505,0.338794121106198,0.354616866821834
2003-10-01,0.0540686685245539,0.123975205963847,0.32911339699269,0.0699065374392926,0.275044728468136
2003-11-01,0.269905696916517,0.0479200316557266,0.255541638627395,-0.22198566526079,-0.0143640582891221
2003-12-01,0.430339556005332,0.251045351375527,0.103887457611211,-0.179294204629805,-0.326452098394121
2004-01-01,0.21447729401336,0.327921468529191,0.116243140873829,0.113444174515831,-0.0982341531395306
2004-02-01,0.214018273236771,0.185233493847475,0.218861788554261,-0.0287847793892967,0.00484351531749014
2004-03-01,0.160213652427732,0.109035058402896,0.283282818815097,-0.051178594024836,0.123069166387365
2004-04-01,0.425985734695811,0.239536606610956,0.262591654659424,-0.186449128084855,-0.163394080036386
2004-05-01,0.371254735618454,0.255877876499793,0.261319737571241,-0.11537685911866,-0.109934998047212
2004-06-01,0.105820115694755,0.314889133289791,0.236458222906913,0.209069017595036,0.130638107212159
2004-07-01,0.0528680953365779,0.20308022980045,0.301140063792471,0.150212134463872,0.248271968455893
2004-08-01,0.316622955805013,0.0329866744197411,0.303143509659198,-0.283636281385272,-0.0134794461458147
2004-09-01,0.525487283835879,0.227155554154533,0.166950517408167,-0.298331729681346,-0.358536766427712
2004-10-01,0.470589103741226,0.263298635734626,0.107889907488616,-0.207290468006599,-0.36269919625261
2004-11-01,0,0.236269906028271,0.232059972729964,0.236269906028271,0.232059972729964
2004-12-01,-0.0521784514838863,0.17191626483112,0.350467828915048,0.224094716315007,0.402646280398935
2005-01-01,0.416667269484616,0.130626678978221,0.387846803790453,-0.286040590506395,-0.0288204656941631
2005-02-01,0.363165120286268,0.460966648429138,0.336976992544005,0.0978015281428698,-0.0261881277422633
2005-03-01,0.310238097848181,0.389296347040507,0.176197085036976,0.0790582491923263,-0.134041012811205
2005-04-01,-0.0516395570473449,0.245375569523377,0.197430887618754,0.297015126570721,0.249070444666099
2005-05-01,0.0516395570473449,0.138660615552487,0.331342114392173,0.0870210585051424,0.279702557344829
2005-06-01,0.617603610056427,0.236963674352387,0.358682497957083,-0.380639935704041,-0.258921112099345
2005-07-01,0.613812668878566,0.35599526622418,0.231648315099336,-0.257817402654386,-0.382164353779231
2005-08-01,1.36745610201734,0.466837244588853,0.214034342106626,-0.900618857428487,-1.15342175991071
2005-09-01,0.150791684767704,0.199490620467966,0.389836657205344,0.048698935700262,0.23904497243764
2005-10-01,-0.503525736564558,0.118883385714566,0.460397241748732,0.622409122279124,0.96392297831329
2005-11-01,0,0.0109240988019397,0.652077130210771,0.0109240988019397,0.652077130210771
2005-12-01,0.60392735142436,-0.0148896631429098,0.503844608124196,-0.61881701456727,-0.100082743300164
2006-01-01,0.0501630308988865,0.737966430701022,0.249940416858179,0.687803399802136,0.199777385959293
2006-02-01,0.150338289403162,0.788305391044698,0.198799172007652,0.637967101641536,0.0484608826044891
2006-03-01,0.499501538052272,0.438934455182463,0.395985752186387,-0.0605670828698087,-0.103515785865884
2006-04-01,0.298507684345406,0.425602544776034,0.398323578173097,0.127094860430628,0.0998158938276913
2006-05-01,0.248077527376278,0.382843547482403,0.312947583941383,0.134766020106125,0.0648700565651048
2006-06-01,0.543613891225991,0.192206321894498,0.379953709835641,-0.351407569331494,-0.163660181390351
2006-07-01,0.442587395685567,0.1284560690764,0.358169450254623,-0.314131326609167,-0.0844179454309443
2006-08-01,-0.491884907159612,0.311950175831381,0.283912233850183,0.803835082990993,0.775797141009795
2006-09-01,-0.444774639823642,0.191417029201107,0.325393001347561,0.636191669024749,0.770167641171203
2006-10-01,0.049517208241312,-0.0123283007736296,0.324685055827038,-0.0618455090149416,0.275167847585726
2006-11-01,0.543077118513402,0.592348900831955,0.25612637685261,0.0492717823185534,-0.286950741660792
2006-12-01,0.165790605623251,0.625660331745756,0.134191679795388,0.459869726122505,-0.0315989258278624
2007-01-01,0.387084913353952,0.357366747230655,0.17374795285963,-0.0297181661232975,-0.213336960494322
2007-02-01,0.518664749319964,0.175898694797974,0.299041896394961,-0.342766054521989,-0.219622852925003
2007-03-01,0.299616948199866,0.14632543531978,0.390440014855368,-0.153291512880085,0.0908230666555021
2007-04-01,0.412447665692373,0.0557004110690626,0.317560117646208,-0.35674725462331,-0.0948875480461644
2007-05-01,0.2314072179459,0.0914031116537798,0.340540923852032,-0.140004106292121,0.109133705906132
2007-06-01,0.1779012466681,0.184300306041269,0.337375345758146,0.00639905937316926,0.159474099090046
2007-07-01,0.0308233200118302,0.221401660774854,0.346077501426744,0.190578340763024,0.315254181414914
2007-08-01,0.422860024543859,0.196647675334557,0.275585767193543,-0.226212349209302,-0.147274257350316
2007-09-01,0.307849440109909,0.0612452185161452,0.218766155903562,-0.246604221593763,-0.089083284206347
2007-10-01,0.782816408287346,0.201459590959543,0.164867351816546,-0.581356817327803,-0.6179490564708
2007-11-01,0.289382340294875,0.153659180938195,0.211474837566937,-0.13572315935668,-0.077907502727938
2007-12-01,0.344177536717361,0.246588614846611,0.276353509403789,-0.0975889218707491,-0.0678240273135714
2008-01-01,0.241490863745408,0.215917204564647,0.32372387612392,-0.0255736591807612,0.0822330123785121
2008-02-01,0.357164189274517,0.317374571032344,0.303910453095972,-0.0397896182421731,-0.0532537361785445
2008-03-01,0.231170696550809,0.166717571253589,0.183654042742285,-0.0644531252972198,-0.0475166538085239
2008-04-01,0.590005206812361,0.280959001233115,0.130859306657303,-0.309046205579246,-0.459145900155058
2008-05-01,1.04237187971661,0.256423130142843,0.139274071040939,-0.785948749573765,-0.903097808675669
2008-06-01,0.711606539350473,0.2825256712268,0.142701127264442,-0.429080868123674,-0.568905412086032
2008-07-01,-0.14895846082954,0.473067755971175,0.228972406023862,0.622026216800715,0.377930866853402
2008-08-01,0.0854726299673203,0.697791173585205,0.348277217590568,0.612318543617884,0.262804587623248
2008-09-01,-0.863561639955801,-0.147248378674837,0.201659434920239,0.716313261280964,1.06522107487604
2008-10-01,-1.78640940928183,0.574038405896804,0.1071606911558,2.36044781517864,1.89357010043763
2008-11-01,-0.826760505408153,-0.0938330780696877,-0.0110651108955984,0.732927427338465,0.815695394512554
2008-12-01,0.25275743322668,-0.966536682603185,-0.217470728139139,-1.21929411582986,-0.470228161365819
2009-01-01,0.36360422314452,-1.47764304221179,-0.76500113109375,-1.84124726535631,-1.12860535423827
2009-02-01,-0.0987770541272859,0.296229693883187,-0.466216346308583,0.395006748010473,-0.367439292181297
2009-03-01,0.100657575219731,0.735290296558877,-0.117000014154639,0.634632721339146,-0.21765758937437
2009-04-01,0.147041233264744,-0.235518614826523,-0.210633750010551,-0.382559848091267,-0.357674983275295
2009-05-01,0.826535985544119,-0.329586362447176,-0.1374918692301,-1.1561223479913,-0.964027854774219
2009-06-01,-0.0298009855155712,0.819212240987829,-0.0681127226114836,0.8490132265034,-0.0383117370959124
2009-07-01,0.334285979087934,0.437647201793652,-0.00165530837713572,0.103361222705718,-0.33594128746507
2009-08-01,0.192902546683626,0.279464256328148,0.0530964128480632,0.0865617096445219,-0.139806133835563
2009-09-01,0.299743499858529,0.794321045680962,-0.0740593730401572,0.494577545822433,-0.373802872898686
2009-10-01,0.334299654493098,1.34441954745385,0.080749222293857,1.01011989296075,-0.253550432199241
2009-11-01,0.0520041154797646,0.146513037900576,-0.0413746432650055,0.094508922420811,-0.0933787587447701
2009-12-01,0.0648521875846519,0.250028341234295,0.17912466253856,0.185176153649643,0.114272474953909
2010-01-01,-0.0952229876745037,-0.0284778720805286,0.142359020818842,0.066745115593975,0.237582008493346
2010-02-01,0.0331313245896858,0.136657954069201,0.0696391120726514,0.103526629479515,0.0365077874829655
2010-03-01,0.0230014077875929,0.352468326605801,0.0350498207520473,0.329466918818208,0.0120484129644545
2010-04-01,-0.0519907164575173,-0.271274382979583,-0.0347664589779286,-0.219283666522066,0.0172242574795887
2010-05-01,-0.0418882877728066,0.378982871755302,0.128801642673118,0.420871159528109,0.170689930445925
2010-06-01,0.186750866135821,-0.180853244767021,-0.0452708703347838,-0.367604110902841,-0.232021736470605
2010-07-01,0.146029672723902,-0.264822312499545,-0.0232439930248365,-0.410851985223447,-0.169273665748738
2010-08-01,0.161394631065725,-0.0684448547372994,0.0231961252248488,-0.229839485803025,-0.138198505840877
2010-09-01,0.347579870179526,0.0985064920775849,0.00520724983457543,-0.249073378101941,-0.342372620344951
2010-10-01,0.253063685923394,0.0296504876176319,0.0296504876176319,-0.223413198305762,-0.223413198305762
2010-11-01,0.400853143884916,0.160436561301144,0.0397658599545161,-0.240416582583772,-0.3610872839304
2010-12-01,0.3237794880806,0.0467491488121224,0.0947385822128745,-0.277030339268478,-0.229040905867726
2011-01-01,0.320931925142531,0.117829893857545,0.10284872269324,-0.203102031284986,-0.218083202449291
2011-02-01,0.516021138565659,0.19960528595762,0.163778881027954,-0.316415852608038,-0.352242257537705
2011-03-01,0.468311604905569,0.215128486805059,-0.00258016399001394,-0.25318311810051,-0.470891768895583
2011-04-01,0.317666379111969,0.0215527336224978,0.23275743263604,-0.296113645489472,-0.0849089464759298
2011-05-01,0,0.456228266895946,0.190526017034507,0.456228266895946,0.190526017034507
2011-06-01,0.26166105186638,0.283159068004152,0.204530231015634,0.0214980161377721,-0.0571308208507457
2011-07-01,0.314949728891101,0.165174516089153,0.150517719417567,-0.149775212801947,-0.164432009473533
2011-08-01,0.216919345588362,0.138908558579076,0.136367542874693,-0.0780107870092866,-0.0805518027136696
2011-09-01,0.0674979676975163,0.362616339504285,0.133866154500436,0.295118371806768,0.0663681868029199
2011-10-01,0.184614488049473,0.192930554813996,0.157286367247032,0.00831606676452318,-0.027328120802441
2011-11-01,0.0237680241968796,0.241602687555289,0.215027144206793,0.217834663358409,0.191259120009913
2011-12-01,0.272049215726167,0.125679239945785,0.076115929419459,-0.146369975780382,-0.195933286306708
2012-01-01,0.213516503686773,0.124454514144008,0.154197546044039,-0.0890619895427644,-0.0593189576427335
2012-02-01,0.209128213139831,0.211173146591402,0.120199318075329,0.00204493345157136,-0.0889288950645016
2012-03-01,0.165941076607456,0.27868341936859,0.193042657799409,0.112742342761134,0.0271015811919522
2012-04-01,-0.207032177028221,0.174053380388016,0.199786640792275,0.381085557416237,0.406818817820497
2012-05-01,-0.0826704797574074,0.12658383328146,0.153446966916729,0.209254313038867,0.236117446674137
2012-06-01,0.0288768230500835,0.127726652596561,0.116367134656506,0.0988498295464779,0.0874903116064228
2012-07-01,0.579271774312318,0.0968862595058841,0.105119847117902,-0.482385514806434,-0.474151927194415
2012-08-01,0.475991986345825,0.0412748689997259,0.0665133270288191,-0.434717117346099,-0.409478659317006
2012-09-01,0.269316475440018,0.218845383627045,0.122222863770151,-0.0504710918129725,-0.147093611669867
2012-10-01,-0.168075617407748,0.232042534516397,0.180923817744237,0.400118151924145,0.348999435151985
2012-11-01,-0.0121088935646441,-0.000980669156634709,0.176404096957043,0.0111282244080094,0.188512990521687
2012-12-01,0.197882976647978,-0.0202112343971154,0.201912154465754,-0.218094211045094,0.0040291778177752
2013-01-01,0.541523784895492,0.103832266115421,0.125739601627218,-0.437691518780071,-0.415784183268274
2013-02-01,-0.281587997395238,0.384003195265451,0.146400761653842,0.665591192660689,0.427988759049081
2013-03-01,-0.209016213434055,0.210428301418989,0.21850235246004,0.419444514853043,0.427518565894094
2013-04-01,0.0414069750788393,0.108649671612516,0.105003255632835,0.067242696533677,0.0635962805539955
2013-05-01,0.237757952195494,-0.0266037581797776,0.0505997415813767,-0.264361710375272,-0.187158210614118
2013-06-01,0.195553898719592,0.332255957384079,0.0375695280792888,0.136702058664487,-0.157984370640303
2013-07-01,0.238444563137108,0.2565942978719,0.10403278596051,0.0181497347347916,-0.134411777176598
2013-08-01,0.0376873666131594,-0.00756030770529187,0.145203078319743,-0.0452476743184513,0.107515711706583
2013-09-01,0.0535087863489991,-0.0252757672115541,0.173051548677922,-0.0787845535605532,0.119542762328922
2013-10-01,0.184279044557734,0.0783271262617953,0.101712403597533,-0.105951918295938,-0.0825666409602008
2013-11-01,0.264067949336599,0.206696497054391,0.137811015692034,-0.0573714522822081,-0.126256933644565
2013-12-01,0.242124171757485,0.145504398107447,0.0786060946059928,-0.0966197736500383,-0.163518077151492
2014-01-01,0.110017320770073,0.24214780018721,0.127861493135429,0.132130479417138,0.0178441723653566
2014-02-01,0.203997314024917,0.0231466772789996,0.139392991563849,-0.180850636745918,-0.064604322461068
2014-03-01,0.186245016756281,-0.0380590088115174,0.117587796159206,-0.224304025567799,-0.0686572205970751
2014-04-01,0.190119748174045,0.303409986823557,0.0751310243690423,0.113290238649512,-0.114988723805002
2014-05-01,0.13202602787965,0.247949510290956,0.18368739763507,0.115923482411305,0.0516613697554195
2014-06-01,0.112485240275095,0.127473319263369,0.136460250917376,0.0149880789882735,0.0239750106422807
2014-07-01,-0.0160014148960386,0.171497218424744,0.103382256798834,0.187498633320783,0.119383671694873
2014-08-01,0.00715884422870516,0.184649715628255,0.135056978000797,0.17749087139955,0.127898133772092
2014-09-01,-0.0197933490782454,0.117843625990063,0.139989994015799,0.137636975068308,0.159783343094045
2014-10-01,-0.188443458454213,0.0680245419711536,0.0983276074230583,0.256468000425366,0.286771065877271
2014-11-01,-0.308937665812437,0.104507374690022,0.0775919759851702,0.413445040502459,0.386529641797607
2014-12-01,-0.639069349248711,0.0609786980668867,0.115761240698299,0.700048047315598,0.75483058994701
2015-01-01,0.253143688849811,-0.0344779784918544,0.097673705639684,-0.287621667341665,-0.155469983210127
2015-02-01,0.269032959658144,-0.123707567470349,0.00703280105457474,-0.392740527128493,-0.26200015860357
2015-03-01,0.104193589238211,-0.306517525674239,-0.05201625780483,-0.410711114912449,-0.156209847043041
2015-04-01,0.329231970405353,0.10500164307306,0.128013152484095,-0.224230327332292,-0.201218817921258
2015-05-01,0.276409717171511,-0.331181021029313,0.180502741024377,-0.607590738200824,-0.0959069761471333
2015-06-01,0.158506290399441,0.0689427073019823,0.141912984798629,-0.0895635830974582,-0.0165933056008113
2015-07-01,-0.000420108934306995,0.141065615705706,0.172602584940083,0.141485724640013,0.17302269387439
2015-08-01,-0.225011713527223,0.0882478101147542,0.147329092526458,0.313259523641978,0.372340806053681
2015-09-01,0.098899280204634,0.00349842438479129,0.131552026712335,-0.0954008558198427,0.032652746507701
2015-10-01,0.119390450335111,0.0550974565935457,0.12963016444176,-0.0642929937415649,0.0102397141066489
2015-11-01,-0.107613224951653,-0.0251793207799081,0.0505934127548096,0.0824339041717445,0.158206637706462
2015-12-01,-0.0458548680452253,0.23195577308748,0.090064980903716,0.277810641132706,0.135919848948941
2016-01-01,-0.133056012623634,0.0477949229370696,0.153328378088798,0.180850935560703,0.286384390712432
2016-02-01,0.312989300892763,0.0985042841853879,0.0985042841853879,-0.214485016707375,-0.214485016707375
2016-03-01,0.382332692320997,0.153542809293178,0.153542809293178,-0.228789883027819,-0.228789883027819
2016-04-01,0.236130579115468,0.0188004176680954,0.0618972212810147,-0.217330161447372,-0.174233357834453
2016-05-01,0.277211143403466,0.143584080278125,0.143584080278125,-0.133627063125341,-0.133627063125341
2016-06-01,-0.0503827643313137,0.0526388691396734,0.118630345886281,0.103021633470987,0.169013110217595
2016-07-01,0.184751408018524,0.175616920657005,0.125692979153201,-0.00913448736151962,-0.0590584288653236
2016-08-01,0.261977518476897,0.114680221549,0.114680221549,-0.147297296927897,-0.147297296927897
2016-09-01,0.233994768375556,0.146441109394469,0.146441109394469,-0.0875536589810871,-0.0875536589810871
2016-10-01,0.117825330364241,0.16725857027924,0.16725857027924,0.0494332399149988,0.0494332399149988
2016-11-01,0.252134090568212,0.188685762337213,0.188685762337213,-0.0634483282309997,-0.0634483282309997
2016-12-01,0.403492542365846,0.144085192156385,0.144085192156385,-0.259407350209462,-0.259407350209462
2017-01-01,0.159139042329759,-0.000941581107810252,0.112630330476603,-0.160080623437569,-0.0465087118531557
2017-02-01,-0.0467310798874188,0.167133668437635,0.167133668437635,0.213864748325053,0.213864748325053
2017-03-01,0.123339188116045,0.194003006390875,0.194003006390875,0.0706638182748302,0.0706638182748302
2017-04-01,-0.0774277635636089,0.144432596894824,0.144432596894824,0.221860360458433,0.221860360458433
2017-05-01,0.0651416444055641,0.0720112360830459,0.0720112360830459,0.00686959167748172,0.00686959167748172
2017-06-01,0.0327596306004985,0.249735381001861,0.105539023067299,0.216975750401362,0.0727793924668006
2017-07-01,0.384123914878831,0.31635411094565,0.0975961771919538,-0.0677698039331807,-0.286527737686877
2017-08-01,0.509339652610752,0.12456808216394,0.12456808216394,-0.384771570446812,-0.384771570446812
2017-09-01,0.0774752047124849,0.0889349889898327,0.0889349889898327,0.0114597842773478,0.0114597842773478
2017-10-01,0.266445461431974,0.238737121055995,0.147183743740653,-0.0277083403759797,-0.119261717691322
2017-11-01,0.210467286617355,0.166740289135889,0.210501984594417,-0.0437269974814664,3.46979770618761e-05
2017-12-01,0.424432446182799,0.155725427305182,0.155725427305182,-0.268707018877616,-0.268707018877616
2018-01-01,0.268866988617766,0.196369268634004,0.196369268634004,-0.0724977199837621,-0.0724977199837621
2018-02-01,0.0192343911505688,0.186725754025784,0.148977176663282,0.167491362875215,0.129742785512713
2018-03-01,0.26010210660754,0.189756538635847,0.189756538635847,-0.0703455679716935,-0.0703455679716935
2018-04-01,0.225540444376637,0.154150413615521,0.212939191017953,-0.0713900307611164,-0.0126012533586848
2018-05-01,0.0900739384547933,0.149682667623603,0.149682667623603,0.0596087291688102,0.0596087291688102
2018-06-01,0.0780515817194072,0.191995049931904,0.191995049931904,0.113943468212496,0.113943468212496
2018-07-01,0.178572541323163,0.204528580231051,0.204528580231051,0.0259560389078874,0.0259560389078874
2018-08-01,0.206015811832483,0.0612335384106983,0.0612335384106983,-0.144782273421785,-0.144782273421785
2018-09-01,0.233684758806607,0.167327931535337,0.167327931535337,-0.06635682727127,-0.06635682727127
2018-10-01,-0.0704439979582361,0.127028118198262,0.127028118198262,0.197472116156498,0.197472116156498
2018-11-01,0.0684659112032193,0.155401889565029,0.147198257115133,0.0869359783618099,0.0787323459119139
2018-12-01,-0.0815312080119313,0.19989878294076,0.19989878294076,0.281429990952692,0.281429990952692
2019-01-01,0.299676036717322,0.14849877574528,0.14849877574528,-0.151177260972042,-0.151177260972042
2019-02-01,0.377465991642811,0.123536692463854,0.123536692463854,-0.253929299178958,-0.253929299178958
2019-03-01,0.375262947492327,0.196006250730972,0.196006250730972,-0.179256696761355,-0.179256696761355
2019-04-01,0.0246802827340353,0.167107565915142,0.167107565915142,0.142427283181107,0.142427283181107
2019-05-01,-0.0325165670854943,0.166254117557385,0.190795154514774,0.198770684642879,0.223311721600269
2019-06-01,0.230521711037834,0.200602256795651,0.200602256795651,-0.0299194542421837,-0.0299194542421837
2019-07-01,0.0914351870329178,0.109896319615601,0.109896319615601,0.0184611325826834,0.0184611325826834
2019-08-01,0.153766328939486,0.153965987251298,0.153965987251298,0.000199658311811207,0.000199658311811207
2019-09-01,0.282329305404261,0.246344591874674,0.246344591874674,-0.0359847135295871,-0.0359847135295871
2019-10-01,0.281146672606258,0.13667814311524,0.13667814311524,-0.144468529491018,-0.144468529491018
2019-11-01,0.290798622764932,0.234489743170098,0.234489743170098,-0.0563088795948335,-0.0563088795948335
2019-12-01,0.191982011889724,0.196151632118854,0.196151632118854,0.0041696202291302,0.0041696202291302
2020-01-01,0.047455810079633,0.21604716842915,0.21604716842915,0.168591358349517,0.168591358349517
2020-02-01,-0.453873192290555,0.213491236368255,0.213491236368255,0.66736442865881,0.66736442865881
2020-03-01,-0.795167851901812,0.17132526023451,0.17132526023451,0.966493112136322,0.966493112136322
2020-04-01,-0.089872894524845,0.200582169328303,0.200582169328303,0.290455063853149,0.290455063853149
2020-05-01,0.483578794500161,-0.705560131030316,-0.705560131030316,-1.18913892553048,-1.18913892553048
2020-06-01,0.508350047179906,0.357998895433874,0.357998895433874,-0.150351151746032,-0.150351151746032
2020-07-01,0.372439909098254,0.316663134140636,0.316663134140636,-0.0557767749576182,-0.0557767749576182
2020-08-01,0.262269725717257,-0.233277538462064,-0.233277538462064,-0.49554726417932,-0.49554726417932
2020-09-01,0.123770954999181,0.556944083602418,0.556944083602418,0.433173128603238,0.433173128603238
2020-10-01,0.227155096428522,0.454217248484517,0.454217248484517,0.227062152055995,0.227062152055995
2020-11-01,0.433689173626473,0.20718304682115,0.20718304682115,-0.226506126805322,-0.226506126805322
2020-12-01,0.244696462323013,0.189825365195707,0.189825365195707,-0.0548710971273065,-0.0548710971273065
2021-01-01,0.33899239327928,0.157591807077156,0.157591807077156,-0.181400586202125,-0.181400586202125
2021-02-01,0.522951205037714,0.26629168046462,0.26629168046462,-0.256659524573094,-0.256659524573094
2021-03-01,0.62192741497622,0.428984012801853,0.428984012801853,-0.192943402174367,-0.192943402174367
2021-04-01,0.6613145296404,0.148795752987029,0.148795752987029,-0.512518776653371,-0.512518776653371
2021-05-01,0.842618757842128,0.332769448000099,0.332769448000099,-0.509849309842029,-0.509849309842029
2021-06-01,0.46041326767936,0.432181920561482,0.432181920561482,-0.0282313471178784,-0.0282313471178784
2021-07-01,0.283889213191735,0.273210766396098,0.273210766396098,-0.010678446795637,-0.010678446795637
2021-08-01,0.451530809997358,0.440195323829317,0.440195323829317,-0.0113354861680406,-0.0113354861680406
2021-09-01,0.959205116305295,0.2698327674326,0.2698327674326,-0.689372348872695,-0.689372348872695
2021-10-01,0.852978064827425,0.252406473201868,0.252406473201868,-0.600571591625558,-0.600571591625558
2021-11-01,0.688149863326437,0.218651284608723,0.218651284608723,-0.469498578717714,-0.469498578717714
2021-12-01,0.60278356705199,0.363086772052893,0.363086772052893,-0.239696794999097,-0.239696794999097
2022-01-01,0.690250217363975,0.461087058852886,0.461087058852886,-0.229163158511089,-0.229163158511089
2022-02-01,1.10946409921393,0.371841459045918,0.371841459045918,-0.737622640168012,-0.737622640168012
2022-03-01,0.307860751453592,0.4314286775937,0.4314286775937,0.123567926140108,0.123567926140108
2022-04-01,0.94402960946427,0.39931436278814,0.39931436278814,-0.54471524667613,-0.54471524667613
2022-05-01,1.24827848358358,0.433972370765976,0.433972370765976,-0.8143061128176,-0.8143061128176
2022-06-01,-0.0149185414012543,0.334008629734788,0.334008629734788,0.348927171136042,0.348927171136042
2022-07-01,0.0623718262284356,0.371547962981681,0.371547962981681,0.309176136753246,0.309176136753246
2022-08-01,0.423369798795115,0.555543348609039,0.555543348609039,0.132173549813924,0.132173549813924
2022-09-01,0.557916232264422,0.255868343907201,0.255868343907201,-0.30204788835722,-0.30204788835722
2022-10-01,0.261062191557038,0.240402608722212,0.240402608722212,-0.0206595828348258,-0.0206595828348258
2022-11-01,0.0153944493274771,0.330034782736426,0.330034782736426,0.314640333408949,0.314640333408949
2022-12-01,0.529995299865682,0.380236599018933,0.380236599018933,-0.149758700846749,-0.149758700846749
2023-01-01,0.342266936550661,0.273979107786569,0.273979107786569,-0.0682878287640921,-0.0682878287640921
2023-02-01,0.12299614825535,0.12415605916387,0.12415605916387,0.00115991090851973,0.00115991090851973
2023-03-01,0.338699704935408,0.310637105858974,0.310637105858974,-0.0280625990764336,-0.0280625990764336
2023-04-01,0.161338517524623,0.353946369510317,0.353946369510317,0.192607851985694,0.192607851985694
2023-05-01,0.223924433484246,0.292648145070837,0.292648145070837,0.0687237115865909,0.0687237115865909
2023-06-01,0.195523399396347,0.373156083167168,0.373156083167168,0.177632683770821,0.177632683770821
2023-07-01,0.482405293863497,0.302170316806399,0.302170316806399,-0.180234977057098,-0.180234977057098
2023-08-01,0.389332659953823,0.363946656798175,0.363946656798175,-0.0253860031556475,-0.0253860031556475
2023-09-01,0.136591605894409,0.259433500900804,0.259433500900804,0.122841895006395,0.122841895006395
2023-10-01,0.146790447308742,0.368362120007682,0.368362120007682,0.22157167269894,0.22157167269894
2023-11-01,0.192255067817282,0.391436600752813,0.391436600752813,0.199181532935531,0.199181532935531
2023-12-01,0.30948913761053,0.267389549997296,0.267389549997296,-0.0420995876132344,-0.0420995876132344
2024-01-01,0.408916812862525,0.290652513653037,0.290652513653037,-0.118264299209488,-0.118264299209488
2024-02-01,0.44215489032835,0.27235757627796,0.27235757627796,-0.16979731405039,-0.16979731405039
2024-03-01,0.216832414080059,0.3146589276876,0.3146589276876,0.0978265136075405,0.0978265136075405
2024-04-01,0.0485469461688481,0.374841125673205,0.374841125673205,0.326294179504356,0.326294179504356
2024-05-01,-0.0418383989980953,0.436412706792543,0.436412706792543,0.478251105790638,0.478251105790638
2024-06-01,0.167567580897732,0.347838054861446,0.347838054861446,0.180270473963714,0.180270473963714
2024-07-01,0.157098709717562,0.283845173973374,0.283845173973374,0.126746464255811,0.126746464255811
2024-08-01,0.213106439808097,0.244484562900365,0.244484562900365,0.0313781230922681,0.0313781230922681
2024-09-01,0.285232670541991,0.254515104666677,0.254515104666677,-0.030717565875314,-0.030717565875314
2024-10-01,0.283789553580771,0.208700397434237,0.208700397434237,-0.0750891561465344,-0.0750891561465344
2024-11-01,0.33936184663732,0.34287884013774,0.34287884013774,0.00351699350041951,0.00351699350041951
2024-12-01,0.426351450544171,0.353927403252338,0.353927403252338,-0.0724240472918332,-0.0724240472918332
2025-01-01,0.224852906961726,0.312368379319066,0.312368379319066,0.0875154723573404,0.0875154723573404
2025-02-01,0.0331527657446706,0.327257387993208,0.327257387993208,0.294104622248537,0.294104622248537
2025-03-01,0.161540575711605,0.350943068979256,0.350943068979256,0.189402493267651,0.189402493267651
2025-04-01,0.0992320519796586,0.278549616157504,0.278549616157504,0.179317564177845,0.179317564177845
2025-05-01,0.253872468162797,0.298491528291202,0.298491528291202,0.0446190601284052,0.0446190601284052
2025-06-01,NA,0.25027200623365,0.25027200623365,NA,NA
