"date","PIB","IPCA","SELIC","CAMBIO","DESEMPREGO","M1","EMBI","Ibovespa"
1996-02-01,-0.0305733609182841,0.0102494594960234,-0.23,0.00675678246287973,-0.70000028610229,-0.04614084823341,-72.2761904761904,0.0883351837265103
1996-03-01,0.0125506879505881,0.0034949726826996,-0.13,0.00529155605329469,-0.70000028610229,-0.0279062936779191,103.847619047619,-0.0669675249658273
1996-04-01,0.0162404194909129,0.0125234358948996,-0.15,0.00415253546517934,-0.70000028610229,0.0169858337368627,-51.7619047619047,0.0175790209960187
1996-05-01,0.0819826730874542,0.0121243389294721,-0.0600000000000001,0.00514139950041878,-0.70000028610229,-0.0174028041616197,-60.6948051948052,0.0887185636309393
1996-06-01,0.0229653805883636,0.0118282621330135,-0.0299999999999998,0.0060150557297611,-0.70000028610229,0.0207469792837607,-8.19090909090914,0.0543682208036191
1996-07-01,0.0529571696353237,0.0110412162771798,-0.05,0.00558159527421696,-0.70000028610229,0.0158077870207869,-67.1272727272727,0.0801997411588893
1996-08-01,-0.00228485757620334,0.00439148907107167,0.04,0.00643981023780374,-0.70000028610229,-0.0328341262206973,-25.4090909090909,-0.00359784635970328
1996-09-01,-0.0416892515875844,0.00149910601222913,-0.0700000000000001,0.00580967613105173,-0.70000028610229,0.0313443521902155,-92.5136363636364,0.029159441158324
1996-10-01,0.0732881618832675,0.0029988804448946,-0.0399999999999998,0.00567849577562844,-0.70000028610229,0.031230659503839,-11.0318181818182,0.029496853748693
1996-11-01,0.0412239339364202,0.00319629413733757,-0.0600000000000001,0.00516092483942807,-0.70000028610229,-0.0286143759092869,22.1028708133971,-0.00233548537102024
1996-12-01,0.0150265416818893,0.00469101260956517,0,0.00667927559391728,-0.70000028610229,0.175203066019284,-33.7067669172933,0.0342120808610211
1997-01-01,-0.0513080527425291,0.0117336546405022,-0.0700000000000001,0.00538825512254756,-0.70000028610229,0.0392476268559019,-63.8571428571428,0.104540164320479
1997-02-01,-0.0876384714028884,0.00498995814034853,-0.0600000000000001,0.00612266334359281,-0.70000028610229,0.181157781285821,-61.6992481203008,0.124774846013413
1997-03-01,-0.00863682326491499,0.00508720197112833,-0.03,0.00703291247049413,-0.70000028610229,0.0209092032623239,38.4921052631579,0.0726365073423665
1997-04-01,0.0432564415663599,0.00876076575023799,0.02,0.00396975946658328,-0.70000028610229,-0.0131568869526681,19.5772727272728,0.0363876375219974
1997-05-01,0.059804009395199,0.00408963678116159,-0.0799999999999998,0.00695622282372748,-0.70000028610229,0.00428278874329813,-37.2272727272727,0.099301138939536
1997-06-01,0.0388164718448731,0.00538467731703651,0.03,0.00588429288568969,-0.70000028610229,0.00537735050978938,-33.1428571428572,0.118693493090126
1997-07-01,0.0104900414406845,0.00219641059788511,-0.01,0.00566468525024492,-0.70000028610229,0.00606816701404433,-13.4480519480519,0.0631918046036208
1997-08-01,0.000898952014113164,-0.000196916845465189,-0.01,0.00664515597124052,-0.70000028610229,0.0236428177341725,-11.6948051948052,-0.0883684342395252
1997-09-01,-0.00176943961525744,0.000597663505121915,0,0.00522960960657097,-0.70000028610229,0.0234958606122415,2,-0.0209285012033522
1997-10-01,0.0627540318001447,0.00229592206255003,0.0799999999999998,0.00593040376829243,-0.70000028610229,0.0247648628951307,43.7857142857143,0.0431046204417402
1997-11-01,-0.0220882200046262,0.00169573514297827,1.37,0.00652826690628634,-0.70000028610229,-0.0137777453027024,225.222222222222,-0.260624843378656
1997-12-01,-0.0501080466969306,0.00428954332135678,-0.0699999999999998,0.00567748111812878,-0.70000028610229,0.151113472356208,-78.9040404040403,0.0570623694012937
1998-01-01,-0.0230785174049242,0.00707168380676038,-0.3,0.0056454292147483,-0.70000028610229,-0.0237549939651842,22.1818181818181,-0.00499188298951303
1998-02-01,-0.0455746685617768,0.0045926605192621,-0.54,0.0122559260554615,-0.70000028610229,-0.0717247969987067,-71.1578947368421,0.061853217732974
1998-03-01,0.0598963167665314,0.00339122116500956,0.0700000000000003,0,-0.70000028610229,0,-48.933014354067,0.114493204324534
1998-04-01,0.00813241919160923,0.00239374859237707,-0.49,0.00659836115907407,-0.70000028610229,0.00411065598683891,1.51948051948051,0.0259377531595852
1998-05-01,0.0485917858193758,0.00498852991651422,-0.0800000000000001,0.0060322777665803,-0.70000028610229,-0.000422607902098804,59.7214285714285,-0.112252646103318
1998-06-01,0.00415647618164883,0.000197661461088572,-0.0299999999999998,0.00564948701769169,-0.70000028610229,0.019057621781883,92.7136363636364,-0.0761367047791488
1998-07-01,0.0159550378220015,-0.00120020199620186,0.0999999999999999,0.00596242855178805,-0.70000028610229,0.0152053132809407,-3.36363636363637,0.0724513755740919
1998-08-01,-0.00654552743224279,-0.00511013182716891,-0.22,0.00874941248010197,-0.70000028610229,0.00756406272197374,340.97619047619,-0.22256249869873
1998-09-01,-0.0191444076609777,-0.00220396734516282,1.01,0.00782649677702396,-0.70000028610229,0.00133627411173087,414.285714285714,-0.277059028980355
1998-10-01,0.0298714986011799,0.000199312030515486,0.45,0.00633528325790175,-0.70000028610229,-0.00994494036142335,-112.904761904762,0.0470104534620859
1998-11-01,-0.0113617623164011,-0.00120334889286688,-0.31,0.00445285339829549,-0.70000028610229,-0.00786339974987449,-240.857142857143,0.209374820947456
1998-12-01,-0.0385562638102606,0.00329715918979456,-0.23,0.0097602443217204,-0.70000028610229,0.13770282811311,179.954545454545,-0.125461951155689
1999-01-01,-0.0258020839858606,0.00697738436063844,-0.22,0.22005061105651,-0.70000028610229,-0.0205765963115585,252.098086124402,-0.0393803677330951
1999-02-01,-8.89628049556279e-05,0.0104464001763374,0.2,0.242422242492477,-0.70000028610229,0.00834819407435283,-137.78947368421,0.232932436308833
1999-03-01,0.0928424661246101,0.0109385201813286,0.95,-0.00887401134364085,-0.70000028610229,-0.0381964990532264,-86.4370709382151,0.140432903818766
1999-04-01,-0.0120494304858916,0.00558382146796443,-0.98,-0.113067116143672,-0.70000028610229,-0.034783803003128,-317.92132505176,0.0960207518876643
1999-05-01,0.0167723555197501,0.00299838391453644,-0.33,-0.00627964148889393,-0.70000028610229,-0.0168708173280709,43.2952380952381,0.046667876481866
1999-06-01,0.0278948450152967,0.00189499665493553,-0.35,0.0475243896056033,-0.70000028610229,0.0254195541044275,55.7545454545455,-0.032104684911344
1999-07-01,-0.00564552402752305,0.0108385076342419,-0.01,0.0195848127310811,-0.70000028610229,0.0527264763565416,55.2835497835497,-0.00877854171735493
1999-08-01,0.0114761021430585,0.00558318949476266,-0.0899999999999999,0.0437629283049094,-0.70000028610229,0.00440235687437251,57.3528138528138,-0.100699778067101
1999-09-01,-0.0182798296197841,0.00309698065394848,-0.0800000000000001,0.00916004604609311,-0.70000028610229,-0.0102756585708335,-102.352813852814,0.105374418684471
1999-10-01,0.0564336932819547,0.0118327072056728,-0.11,0.0369416035559536,-0.70000028610229,0.0311439911474274,-79.2880952380951,-0.00030836733423989
1999-11-01,0.0377734733418222,0.00945504161467881,0.01,-0.0203198535321978,-0.70000028610229,0.0208343492251402,-141.45,0.148537382451472
1999-12-01,-0.00797238808839751,0.00597921374740107,0.21,-0.0462016350785914,-0.70000028610229,0.164478677674175,-103.152173913043,0.139567749929583
2000-01-01,-0.0647828159949135,0.00618143965219797,-0.14,-0.0214554582670977,-0.70000028610229,-0.0160562171291829,0.902173913043498,0.115101261348276
2000-02-01,-0.00874660438983099,0.00130044721193912,-0.01,-0.0158777864616034,-0.70000028610229,-0.0645926174349256,10.8,0.0505488972430701
2000-03-01,0.00878224991132548,0.00219691147807755,0,-0.0189441624084086,-0.70000028610229,-0.0184092757082261,-51.1804347826087,0.0140259149181308
2000-04-01,-0.0130870047769935,0.00419316519776025,-0.15,0.0149350094057615,-0.70000028610229,0.00548511289826514,96.5304347826087,-0.126501857179226
2000-05-01,0.077373414582107,9.93276758762818e-05,0.19,0.0332204703337157,-0.70000028610229,0.00480789262477366,59.2363636363636,-0.0794743534572948
2000-06-01,0.0393114799320013,0.00230039815847771,-0.1,-0.0107853353846999,-0.70000028610229,0.0124282622471164,-86.5,0.113338607006227
2000-07-01,0.00703559209450866,0.0159745843031915,-0.0799999999999998,-0.00582606724936074,-0.70000028610229,0.0346995067098721,-18.2792207792207,0.0375286604723808
2000-08-01,0.0169467141311248,0.0130136603878377,0.0999999999999999,0.00632386863689105,-0.70000028610229,0.00601443174575778,-20.0745341614908,0.00485408068541027
2000-09-01,-0.0474107866391495,0.00229564649319958,-0.19,0.0164531516740412,-0.70000028610229,0.0199989608123659,13.5507246376812,-0.0302349152984718
2000-10-01,0.0641302558762735,0.00139764103382589,0.0700000000000001,0.0217376470583488,-0.70000028610229,0.02974318551572,50.4848484848485,-0.101980538385993
2000-11-01,0.00677357151715086,0.00319582779944305,-0.0700000000000001,0.0357591680804227,-0.70000028610229,0.0195441251716382,47.590909090909,-0.0432826991332487
2000-12-01,-0.0171071789762252,0.00588014455392738,-0.02,0.00782672742330071,-0.70000028610229,0.142094829705538,-22.0090909090909,0.0211811589678508
2001-01-01,-0.0318758472676777,0.00568630957564764,0.0700000000000001,-0.00449416005897363,-0.70000028610229,-0.0115213236943568,-54.0363636363636,0.151400650071592
2001-02-01,-0.00877135018312636,0.00459055648173123,-0.25,0.023972018749928,-0.70000028610229,-0.0306935318977448,-12.6136363636364,-0.0310766606030359
2001-03-01,0.0635493253650488,0.00379088412952377,0.24,0.0426054215084921,-0.70000028610229,-0.0108613638600978,59.2045454545455,-0.0794135177034665
2001-04-01,-0.00677985029521899,0.00578181453814075,-0.0700000000000001,0.0483750475316633,-0.70000028610229,-0.00658685773312584,43.5454545454545,-0.0603127921953597
2001-05-01,0.0331897749779753,0.00409126876803345,0.15,0.0466651809058085,-0.70000028610229,-0.00199426231593769,25.2826086956521,0.0179144431805138
2001-06-01,-0.0578718365512394,0.00518874682211834,-0.0700000000000001,0.0336547581752598,-0.70000028610229,0.0135553903677952,0.217391304347871,0.0117102485069402
2001-07-01,0.0538774376280724,0.0132112160469706,0.23,0.0372755026193464,-0.70000028610229,0.0235997253388138,103,-0.0639246649729373
2001-08-01,0.020604454360166,0.00697337464180858,0.1,0.0179301285881197,-0.70000028610229,-0.0128859676015907,7.39130434782612,-0.0389381310262387
2001-09-01,-0.0393610674247462,0.00279496185719275,-0.28,0.0622124255715275,-0.70000028610229,0.00899688740684645,97.9586956521738,-0.197210479199589
2001-10-01,0.0661885958032258,0.00826562362788419,0.21,0.0253234240529855,-0.70000028610229,-0.000900030482249292,123.041304347826,-0.00441059854539105
2001-11-01,0.0148963745231629,0.00707685488232546,-0.14,-0.0746697352056107,-0.70000028610229,0.00350551672494603,-163.664031620553,0.154738383898295
2001-12-01,-0.0421485287286352,0.00648111212930669,0,-0.0736028032365789,-0.70000028610229,0.160894419105107,-118.34632034632,0.0398526840617972
2002-01-01,-0.00569588236852958,0.00518884272440356,0.14,0.00641487745267966,-0.70000028610229,-0.0193052382531871,-39.017316017316,0.00615721048998452
2002-02-01,-0.00802052439426326,0.00359381549966997,-0.28,0.017390292087847,-0.70000028610229,-0.0364635288452764,-2.56363636363642,-0.012807147843878
2002-03-01,0.0606269963450874,0.00598107146604576,0.12,-0.0306450543116531,-0.70000028610229,-0.0135489620849221,-113.704761904762,0.0492087696914218
2002-04-01,0.0162562313965591,0.00796985219900659,0.11,-0.0112317380851192,-0.70000028610229,-0.00291225473228174,26.5411255411256,-0.0407199321587015
2002-05-01,0.0259637505703836,0.00209559543902937,-0.0700000000000001,0.0667024998254788,-0.70000028610229,0.00793722057339608,182.581027667984,-0.0640846366880474
2002-06-01,-0.00103734407134581,0.00418878021009306,-0.0799999999999998,0.0900314932441602,-0.70000028610229,0.0627544436902863,412.732608695652,-0.0685882132999041
2002-07-01,0.0274284917670826,0.0118320618561807,0.21,0.0781697609817381,-0.70000028610229,0.0466977597476443,384.354347826087,-0.125635079929417
2002-08-01,0.00741000976732131,0.00647712710965997,-0.1,0.0580991093993737,-0.70000028610229,0.0313543155339175,226.604743083004,-0.0512204084792671
2002-09-01,-0.0210517943101127,0.00717232304889492,-0.0600000000000001,0.071932403428715,-0.70000028610229,0.0295280509522158,-47.6709956709958,-0.0151885774773852
2002-10-01,0.0618760110483816,0.0130171245122064,0.27,0.130012248277626,-0.70000028610229,0.0339779714277135,119.979296066253,-0.049289407921842
2002-11-01,0.0211177261850182,0.029755134513068,-0.11,-0.0622092779456793,-0.70000028610229,0.0140321683307327,-346.074534161491,0.0885738348202079
2002-12-01,-0.0430211513680323,0.020780367382045,0.2,0.0137488799014818,-0.70000028610229,0.109016708942915,-170,0.0805847640123645
2003-01-01,-0.0238043675037414,0.0222529822643214,0.23,-0.0531083206543939,-0.70000028610229,-0.0344738466039995,-201.051948051948,0.0549534133725391
2003-02-01,0.0324614241554766,0.0155803071239946,-0.14,0.0433786490215391,-0.70000028610229,-0.0685131120391578,-23.9409090909089,-0.104157338563054
2003-03-01,0.0541996592016059,0.0122265135805995,-0.05,-0.0409090456628562,-0.70000028610229,-0.0258429033110499,-202.816666666667,0.0533780661797572
2003-04-01,0.0192637596807739,0.00965253980345082,0.0900000000000001,-0.100083458556983,-0.70000028610229,-0.0189987081471887,-191.238095238095,0.101707299848981
2003-05-01,-0.0126858547619673,0.00608226489961261,0.0999999999999999,-0.0536948889424516,-0.70000028610229,-0.0270019475405672,-115.231601731602,0.0798846292988404
2003-06-01,-0.0116168788166,-0.00150216049910856,-0.11,-0.0248415288861508,-0.70000028610229,0.00286379441791063,-28.8636363636364,0.0300614505115178
2003-07-01,0.0561993736411459,0.00199779161285996,0.22,-0.00118026882170752,-0.70000028610229,0.00708632139376064,26.3913043478261,0.00435704168852347
2003-08-01,-0.00791778268975918,0.00339397152135756,-0.31,0.0417357832098104,-0.70000028610229,-0.00158680411494316,-1.10559006211179,0.0332793511325136
2003-09-01,0.0255001219082089,0.00777040784828387,-0.0900000000000001,-0.0269104815113415,-0.70000028610229,0.00548935652222404,-107.967532467532,0.138815585209723
2003-10-01,0.0419593673077028,0.00289501367675005,-0.04,-0.0212019631996698,-0.70000028610229,0.0115017346789035,-45.3616600790515,0.0996948195647498
2003-11-01,-0.00830609665078619,0.00339626376494984,-0.3,0.0181171278484595,-0.70000028610229,0.0323889591205511,-59.3065217391304,0.0669086544222885
2003-12-01,0.00102131831787666,0.00518500526427523,0.03,0.003940047923646,-0.70000028610229,0.147291282378331,-78.4681818181818,0.106928020158684
2004-01-01,-0.0619771980839001,0.00756942969630892,-0.1,-0.0254537159704087,-0.70000028610229,-0.0199680175149535,-53.5627705627706,0.101281087269708
2004-02-01,-0.0118107321736058,0.0060800442927178,-0.19,0.0271619500721714,-0.70000028610229,-0.0215821342859819,109.980952380952,-0.0636246418259709
2004-03-01,0.0966841863229089,0.00468783964643205,0.3,-0.00850164525532038,-0.70000028610229,-0.0113305688541363,10.0086956521739,-0.0023386277352575
2004-04-01,-0.00260628416917363,0.00369239303880686,-0.2,0.000172120002490228,-0.70000028610229,0.0159201521798433,38.7246376811595,-0.00489590221898695
2004-05-01,0.0160848939922307,0.00508543915111304,0.05,0.0647708361577821,-0.70000028610229,0.00278117891540042,131.47619047619,-0.14440573691275
2004-06-01,0.0359802400016971,0.00707297741813129,0,0.00921665510492398,-0.70000028610229,0.0121776695954701,-57.2640692640693,0.0687486734593019
2004-07-01,0.0358129478022402,0.00905713788934293,0.0600000000000001,-0.0299488664791987,-0.70000028610229,0.0238668222918701,-53.5,0.0725338864155098
2004-08-01,-0.0128734785491851,0.00687487992761415,0,-0.0112288157510003,-0.70000028610229,-0.00281590459837844,-56.7272727272726,0.0238272918216502
2004-09-01,-0.0268159187222121,0.00329649567032497,-0.04,-0.0379517408171623,-0.70000028610229,0.0313043718406014,-69.4545454545455,0.019201158754889
2004-10-01,0.0348085338769231,0.00439119159404466,-0.04,-0.0133047379142635,-0.70000028610229,0.032250369054271,-20.6731601731602,0.0289806140386286
2004-11-01,0.0367567813136489,0.00687673572970926,0.04,-0.0237358809647026,-0.70000028610229,-0.000874728846588013,-29.4632034632035,0.0286421146875071
2004-12-01,0.00867180340086726,0.00856121225424111,0.23,-0.0246441432781686,-0.70000028610229,0.114642797572264,-40.7707509881423,0.0607220474113284
2005-01-01,-0.0873197145685278,0.00578169636769044,-0.1,-0.0093168375802305,-0.70000028610229,-0.0218972489053613,24.3291925465838,-0.044747649065739
2005-02-01,-0.0175089910703701,0.00588443607933797,-0.16,-0.0360017705472443,-0.70000028610229,-0.029258261107266,-17.1357142857143,0.0831514737859376
2005-03-01,0.0879114502872778,0.00607937069769893,0.31,0.0403382425677253,-0.70000028610229,-0.00735902973331548,17.1681818181818,0.0413307999885788
2005-04-01,0.00969984156833092,0.00866063990542898,-0.12,-0.0475261237292458,-0.70000028610229,-0.0168703332378008,32.7770562770563,-0.0812364911077967
2005-05-01,0.00179149620326591,0.00488834152521012,0.0900000000000001,-0.050265033445126,-0.70000028610229,-0.0115530097688303,-18.9588744588744,-0.027918053668559
2005-06-01,0.0188917620758104,-0.000202025916571813,0.0900000000000001,-0.0161575657247007,-0.70000028610229,0.0160307133486093,-13.5,0.0247213127113373
2005-07-01,0.0174924416219611,0.00249821037799869,-0.0800000000000001,-0.0167179051379199,-0.70000028610229,0.0189494667522982,-13.8268398268398,-0.00696866931609286
2005-08-01,0.0170902437979663,0.00169957108627639,0.15,-0.00545167752766251,-0.70000028610229,-0.00324131101455016,-7.46169772256729,0.0671157219505414
2005-09-01,-0.0309565088796475,0.00349476543106242,-0.16,-0.0284542340966587,-0.70000028610229,0.0166452353479567,-25.7114624505929,0.100385139283704
2005-10-01,0.0412448447629483,0.00747065165012462,-0.0900000000000001,-0.0166622895170692,-0.70000028610229,0.000952624358527387,-3.82683982683983,-0.00052800375136286
2005-11-01,0.0292303561512153,0.00548544679438656,-0.03,-0.0204678305402924,-0.70000028610229,0.018377720459732,-22.8549783549784,0.0427293019153527
2005-12-01,0.0187431826599429,0.00359167545033134,0.0900000000000001,0.0332422091686386,-0.70000028610229,0.133342897093803,-35.3893280632411,0.0617304117954802
2006-01-01,-0.0672841921906766,0.0058831101539738,-0.04,-0.00509018607499978,-0.70000028610229,-0.0323980952261103,-30.8833992094862,0.088324835276147
2006-02-01,-0.0389152708334901,0.00409299402591135,-0.28,-0.0505271872964562,-0.70000028610229,-0.0447719560971418,-44.0318181818182,0.0369257275226254
2006-03-01,0.0637097688778887,0.00429018806551706,0.27,-0.00459152535432628,-0.70000028610229,0.00246940713407007,-9.25869565217391,0.00574621921706786
2006-04-01,-0.0276774284315042,0.00209747098683,-0.34,-0.0106083196864478,-0.70000028610229,-0.00704796989481693,4.60869565217391,0.0369926425728249
2006-05-01,0.0671107638022939,0.0010005740561434,0.2,0.0226680707900662,-0.70000028610229,0.00766172846713253,12.0869565217391,-0.00402551071931789
2006-06-01,0.00603408539361006,-0.00210313996267608,-0.1,0.0317329102875021,-0.70000028610229,0.0139323595480558,16.0494071146245,-0.106990773444775
2006-07-01,0.0389290481181668,0.00189767737068181,-0.01,-0.0266021097148254,-0.70000028610229,0.0243996609247574,-22.564935064935,0.0344653496155036
2006-08-01,0.0136453741582834,0.000500014545724348,0.0900000000000001,-0.0153792514574238,-0.70000028610229,0.00638966330123658,-21.3975155279503,0.0169761952411065
2006-09-01,-0.0426599963052308,0.00209810860156967,-0.2,0.00592183086094422,-0.70000028610229,0.0405073174004471,10.8260869565217,-0.020518967075132
2006-10-01,0.0636643439234277,0.00329311504415841,0.03,-0.00945458217605999,-0.70000028610229,0.0185644725323169,-11.2727272727273,0.0656480176087175
2006-11-01,0.0251282876329864,0.00309404758595022,-0.0700000000000001,0.0044603521422607,-0.70000028610229,0.0260218179804657,2.14229249011859,0.0642294021373626
2006-12-01,0.00741404967476278,0.00478764179671032,-0.03,-0.00371557716951088,-0.70000028610229,0.105791803771563,-13.3695652173913,0.0516558630037327
2007-01-01,-0.0473098002167447,0.00439178744706581,0.0900000000000001,-0.00531866514592516,-0.70000028610229,-0.0181922721088785,-14.8636363636364,0.00157720473861112
2007-02-01,-0.0407300927975669,0.00439153702730355,-0.21,-0.0199382963201089,-0.70000028610229,-0.039211673752197,-8.48636363636362,0.0388468850421155
2007-03-01,0.0708602224615174,0.0036927775600093,0.18,-0.0036334122297963,-0.70000028610229,-0.0019766139680879,3.48636363636362,-0.0261152496353905
2007-04-01,-0.0113705841268246,0.00249699321422714,-0.11,-0.0275320247448612,-0.70000028610229,0.0107580837748653,-31.9363636363636,0.0881086316548334
2007-05-01,0.0516753413190436,0.00279511056755322,0.0900000000000001,-0.0251259479001917,-0.70000028610229,-0.00206201527313965,-7.04782608695652,0.0639669751969691
2007-06-01,0.010759960812214,0.0027948121003325,-0.12,-0.0254110147635971,-0.70000028610229,0.0259265605545878,-0.556935817805368,0.0461406123053045
2007-07-01,0.0208969026251076,0.00239842814083424,0.0599999999999999,-0.025754747581355,-0.70000028610229,0.0301795860359935,21.7683982683983,0.0465200156348935
2007-08-01,0.00509766415632917,0.00469039814738981,0.02,0.0432589801491683,-0.70000028610229,0.0202696041929666,32.5276679841897,-0.0745475069476829
2007-09-01,-0.0524829084269989,0.00179872873949805,-0.19,-0.0343719136173302,-0.70000028610229,0.0294637328097149,-10.2913043478261,0.0774278767312815
2007-10-01,0.0815034025647794,0.00299564595140289,0.13,-0.0533243378541781,-0.70000028610229,0.0188010541171053,-21.1869565217391,0.106258947069678
2007-11-01,-4.1332749720624e-06,0.00379099041823672,-0.0900000000000001,-0.0174268271484168,-0.70000028610229,0.0242129815403445,41.8596837944664,-0.00372355343515274
2007-12-01,0.00215442489647977,0.00737441268736738,0,0.0090595110805467,-0.70000028610229,0.134300480717956,3.32727272727271,0.0162287338481537
2008-01-01,-0.0217328301685562,0.00538519991686037,0.0900000000000001,-0.00657545854143826,-0.70000028610229,-0.0537495900638358,28.9434782608696,-0.0621477868810896
2008-02-01,-0.0194389048875969,0.0048890439180953,-0.13,-0.0266271016230522,-0.70000028610229,-0.0609325716075144,12.7660455486542,0.0473322844131339
2008-03-01,0.0397858055249607,0.00478953220968759,0.0399999999999999,-0.0117076212767794,-0.70000028610229,-0.00837254576823909,19.4404761904762,-0.016029980276711
2008-04-01,0.0271727972751421,0.00548423447385371,0.0600000000000001,-0.0110166362065021,-0.70000028610229,0.00886128867162661,-32.2045454545455,0.0428494064039295
2008-05-01,0.0243916226166103,0.00786973870607532,-0.02,-0.0169667729806698,-0.70000028610229,0.00437599415909418,-38.9545454545454,0.103063722106155
2008-06-01,0.0416949745743889,0.00737393264570851,0.08,-0.0253842417209106,-0.70000028610229,-0.00655420462245182,-9.85281385281385,-0.05742942775837
2008-07-01,0.0452539013364888,0.00528419567802807,0.11,-0.0171413178827276,-0.70000028610229,0.0179110894342358,37.0662525879917,-0.117694935669675
2008-08-01,-0.0323781067557256,0.00279635077987272,-0.05,0.0130541187324577,-0.70000028610229,-0.00918146902864336,3.69565217391303,-0.0749146116025106
2008-09-01,-0.0148341338124141,0.00259636794511398,0.0800000000000001,0.10995435364106,-0.70000028610229,0.0293546203219623,53,-0.091746999072571
2008-10-01,0.055901236749806,0.00449095765596486,0.0799999999999998,0.188574665613096,-0.70000028610229,0.00937600060913368,202.045454545455,-0.282506077996906
2008-11-01,-0.0356471719907088,0.00359424682979093,-0.16,0.042101043597545,-0.70000028610229,-0.00383119480205174,-23.3086124401914,-0.0603658574467172
2008-12-01,-0.0235255015344311,0.00279699159781277,0.1,0.0550030236729654,-0.70000028610229,0.108758608493773,10.8086124401914,0.0449079106941355
2009-01-01,-0.0562827786950493,0.00478654614125418,-0.0700000000000001,-0.0370239299883198,-0.70000028610229,-0.0425782060873523,-49.2121212121212,0.0521481832028474
2009-02-01,-0.023929853340805,0.00548593271847242,-0.19,0.00229511846985364,-0.70000028610229,-0.0490100098904094,-0.133333333333326,0.0151990029601716
2009-03-01,0.0717691447550006,0.00199613827325784,0.11,0.00047568596974723,-0.70000028610229,-0.0216857941068849,4.4818181818182,-0.0173118375481476
2009-04-01,-0.0100364008233385,0.00478949001127571,-0.13,-0.047772523904917,-0.70000028610229,0.00833732646482233,-50.7294372294372,0.135573506098789
2009-05-01,0.0331938315166287,0.004688867380648,-0.07,-0.0680183340317819,-0.70000028610229,0.00843612368270463,-69.7619047619048,0.118236786435109
2009-06-01,0.027122465040577,0.00359243814293198,-0.01,-0.0514440393618323,-0.70000028610229,0.0149135423922928,-32.0995670995671,0.0226916331237508
2009-07-01,0.0347288928315486,0.00239677492827273,0.03,-0.0127547501604447,-0.70000028610229,0.0152288911145426,-10.8735177865613,0.000134406923210761
2009-08-01,-0.0042262044357031,0.00149842961732904,-0.1,-0.0464017144399128,-0.70000028610229,-0.00507663161241112,-17.7888198757764,0.0845582452817801
2009-09-01,-0.00381566639650011,0.00239751578081027,0,-0.0138671218144283,-0.70000028610229,0.0301150273915241,-11.7467532467532,0.0437298173220366
2009-10-01,0.0640775633879773,0.00279597909243989,0,-0.0457820487785059,-0.70000028610229,0.0144257133407173,-13.9545454545455,0.0778858406305432
2009-11-01,0.0103895078440495,0.00409288882976533,-0.0299999999999999,-0.00716186496592819,-0.70000028610229,0.0172489401807141,-5.82251082251082,0.0309270168565945
2009-12-01,0.0274003208924256,0.00369186649215081,0.07,0.0139870470340546,-0.70000028610229,0.107765225533523,-15.7683982683983,0.031464354481292
2010-01-01,-0.0815395186651742,0.00747138166103944,-0.07,0.0167213758580924,-0.70000028610229,-0.0196635238869103,3.07416267942585,0.00685738183615747
2010-02-01,-0.0113090560359694,0.00776852444365339,-0.0700000000000001,0.0333880228027621,-0.70000028610229,-0.024622529139485,14.6394736842105,-0.039265919777776
2010-03-01,0.0868623872060041,0.00518573574256997,0.17,-0.0300210162548579,-0.70000028610229,-0.00783976552317966,-33.2413043478261,0.0464179821961626
2010-04-01,-0.0147661996299338,0.00568536550062682,-0.09,-0.0164938217216309,-0.70000028610229,0.00761973445434805,-10.3706004140787,0.00961993144369444
2010-05-01,0.0285858064762365,0.00429113310202567,0.08,0.0317273403008748,-0.70000028610229,0.00963044568273119,45.047619047619,-0.107896368986648
2010-06-01,0.0158078906093007,0,0.04,-0.00386975992892868,-0.70000028610229,0.0131021980434909,11.3506493506493,0.0115898917823429
2010-07-01,0.0349887115857133,9.96497793259721e-05,0.07,-0.020480823320818,-0.70000028610229,0.0177756030379399,-11.8636363636363,0.0126813022947765
2010-08-01,0.0053141078180392,0.000398499846195222,0.03,-0.00566959223658148,-0.70000028610229,0.0075264494088465,-17.4090909090909,0.0372321229594537
2010-09-01,-0.0089250256028528,0.00448820837477193,-0.04,-0.0235291436742552,-0.70000028610229,0.0291893358197264,5.31818181818181,0.0181059168699544
2010-10-01,0.040548295527282,0.00747291173852993,-0.0399999999999999,-0.0192183635275384,-0.70000028610229,0.018618397128277,-24.9199134199134,0.0408381612504574
2010-11-01,0.0334766342262824,0.00826484954735029,0,0.0160875581262514,-0.70000028610229,0.00525879959690556,-8.30735930735929,-0.00338726370664766
2010-12-01,-0.00255465048720716,0.00628084999342171,0.12,-0.011673775944211,-0.70000028610229,0.0967917500867479,-0.802371541501998,-0.0263895062560824
2011-01-01,-0.0654517046102452,0.00826702078778041,-0.0700000000000001,-0.0110137923611634,-0.70000028610229,-0.0407109872279499,-7.12836438923395,0.0175807168607172
2011-02-01,0.0051670359195235,0.00796836668139811,-0.02,-0.00413866836669063,-0.70000028610229,-0.0409715336458092,3.72619047619048,-0.047658532701254
2011-03-01,0.0377796438609224,0.00786872012785267,0.0800000000000001,-0.00535259133899468,-0.70000028610229,-0.0148077775429716,-1.5108695652174,0.0104468320690341
2011-04-01,0.00335673007192838,0.00767089368619267,-0.0800000000000001,-0.0448300966443296,-0.70000028610229,-0.00512654737715224,-0.739130434782595,0.00312027195621312
2011-05-01,0.0481199155445857,0.00469030820611493,0.15,0.0169469084107465,-0.70000028610229,-0.00590016932827098,-3.22727272727272,-0.0563399503016893
2011-06-01,0.0127374290519864,0.00149831279452783,-0.03,-0.0165685743372507,-0.70000028610229,0.00603005928732614,2.45454545454544,-0.0227166560486882
2011-07-01,0.00589201060269318,0.00159833638515572,0.01,-0.0146701897477938,-0.70000028610229,0.00837388456091581,-9.08441558441558,-0.0304374038448305
2011-08-01,0.00967053562870923,0.00369257791961175,0.1,0.0209547755404831,-0.70000028610229,-0.0115197880293572,38.3354037267081,-0.115472280065978
2011-09-01,-0.0407499149889201,0.00528691415735771,-0.13,0.0914183915766936,-0.70000028610229,0.0144011610935859,41.3853754940712,0.0278069089358208
2011-10-01,0.0453091457133592,0.00429201165107962,-0.0599999999999999,0.0130082211454216,-0.70000028610229,0.00893964149576298,-2.19696969696972,-0.012548848788434
2011-11-01,0.0288276561663547,0.0051864510997266,-0.02,0.0100095595833661,-0.70000028610229,-0.00182333740737306,-10.1666666666667,0.0433906321799142
2011-12-01,0.00520844712011836,0.00498636633038529,0.05,0.0256362419622099,-0.70000028610229,0.0893581024536978,-10.5909090909091,0.00549578753332725
2012-01-01,-0.064279800945199,0.00558411885645782,-0.02,-0.0260337920946578,-0.70000028610229,-0.0395610090639096,2.86363636363637,0.0557239310882984
2012-02-01,-0.000103759201403264,0.00448916214956618,-0.14,-0.0406445355856619,-0.70000028610229,-0.029391910565522,-19.2489177489178,0.0758890857912426
2012-03-01,0.0679558683138488,0.00209774032414423,0.07,0.0438179860059509,0.100000381469719,-0.0118861755220578,-24.2056277056277,0.0170941463797156
2012-04-01,-0.028916104871314,0.00637942700523908,-0.11,0.0326154591376513,0.19999980926514,0.00311916445663307,6.4818181818182,-0.0624628215753749
2012-05-01,0.0472829488377009,0.00359271480666123,0.03,0.0683602008217505,-0.0999999999999996,0.00278824066292316,27.3739130434782,-0.0909977646821467
2012-06-01,-0.00392192802093128,0.000798545425951147,-0.1,0.0313284517533524,-0.100000000000001,0.0165796948443262,6.20703933747413,-0.0442061666659388
2012-07-01,0.039110545360483,0.00429201194082829,0.04,-0.0100179412751084,0.100000000000001,0.0213347282872149,-16.1536796536797,-0.000879547101957812
2012-08-01,0.0126754238667495,0.00409145560443314,0.0099999999999999,0.000352582856683492,-0.100000000000001,-0.00917230746094688,-31.3142292490118,0.0631959652022402
2012-09-01,-0.0648877552496643,0.00568420491024391,-0.15,-0.000673123339992254,-0.2,0.0323258521925673,-8.41304347826087,0.031752974406869
2012-10-01,0.071452865235818,0.00588290127352664,0.07,0.000878439213404691,0.2,0.00428521286637817,-12.195652173913,-0.0247126365608477
2012-11-01,0.00270364144826196,0.00598279910925115,-0.0599999999999999,0.0185106696517348,0.100000000000001,0.00830897175635492,4.60474308300394,-0.0236281449020623
2012-12-01,-0.00146515017786797,0.00786997490680719,0,0.0048474736217492,0.399999999999999,0.113866631103896,-7.7590909090909,0.0404106660320114
2013-01-01,-0.0216509117581776,0.0085629125047415,0.0499999999999999,-0.022769214222397,-0.3,-0.0399379933087793,-0.877272727272725,0.0322154015008174
2013-02-01,-0.0381119807102497,0.00598189658646042,-0.11,-0.0288789773317134,0,-0.0328231635483238,15.3772727272727,-0.0612474755958683
2013-03-01,0.069670972024376,0.00468909078174029,0.0600000000000001,0.00485075472397223,-0.0999999999999996,0.00102131721657095,18.3,-0.0188360739547111
2013-04-01,0.0264298919995731,0.00548538790029696,0.0599999999999999,0.00972010422295722,0,0.000676175111379962,-4.04090909090908,-0.0365518038958754
2013-05-01,0.000449703906948429,0.0036924449634963,-0.01,0.0161726368655208,-0.100000000000001,0.00136307859768259,1.04743083003953,0.0126526683427137
2013-06-01,0.00862405096833463,0.00259761402833902,0.01,0.0656856453501015,0,0.0207809662181138,52.2934782608696,-0.111515638322857
2013-07-01,0.034623728710514,0.000298670113011212,0.11,0.0358026566010745,-0.2,0.0152269276112715,-2.29347826086956,-0.0505279015184001
2013-08-01,-0.012282762601652,0.00239689056547476,-0.01,0.0392088197092939,0,-0.0103492636144651,10.6343873517787,0.0597073753732875
2013-09-01,-0.0316200482123161,0.00349366860645794,0,-0.0310967377536101,0.2,0.0203100326367629,-8.7813852813853,0.0689422260246477
2013-10-01,0.0605739571354267,0.00568321997351617,0.1,-0.0367220607094947,-0.399999999999999,-0.00281953296008197,-9.89648033126292,0.00995468018556878
2013-11-01,-0.00101345726131008,0.00538663082020641,-0.0900000000000001,0.0475927569224038,0,0.0123243182581074,17.1345755693582,-0.0253537598728677
2013-12-01,0.0167344463238575,0.00915751528545172,0.0700000000000001,0.0216200371659822,-0.4,0.0965918178776644,1.85714285714286,-0.0399163233310187
2014-01-01,-0.0379125274373511,0.00548371945131976,0.0599999999999999,0.0155479280601185,0.2,-0.0462206692633593,13.7770562770563,-0.0322230591257622
2014-02-01,-0.0123056570980555,0.00687605722978724,-0.0599999999999999,0.000623525824834159,0,-0.0346478778136685,2.11818181818182,-0.0367230329747112
2014-03-01,0.0258661203260129,0.00915841798434869,-0.02,-0.0244651584131204,0.0999999999999996,-0.00165633108116836,-19.7047619047619,-0.00679880075698058
2014-04-01,0.0141961911987298,0.00667787236060313,0.0499999999999999,-0.041157977467198,0,0.00610871489023346,-14.6190476190476,0.0898521588841277
2014-05-01,0.00972203609020994,0.00458876749808468,0.05,-0.0051410862113046,-0.0999999999999996,-0.0192983804706781,-10.2034632034632,0.0315930128373054
2014-06-01,-0.0318326680484375,0.00399197074305313,-0.05,0.00654484345080719,0,0.00472368211639917,-3.22510822510824,0.0100021437356137
2014-07-01,0.0499353878774862,0.000101047866460036,0.13,-0.00486143521176807,0.399999999999999,0.0049009373858464,3.60455486542443,0.0390094904628135
2014-08-01,-0.0103042796336084,0.00249768652453675,-0.08,0.0193271504898243,-0.199999999999999,-0.00753015347993369,9.87163561076605,0.034497471852033
2014-09-01,-0.00111643214768264,0.00568353234611152,0.04,0.0281911140583561,0,0.030976977688363,-5.06926406926405,0.00912830233149897
2014-10-01,0.0346160818060426,0.00419040421958528,0.0399999999999999,0.0482903003529707,0.199999999999999,0.00337565983701005,25.4584980237154,-0.0699159533088434
2014-11-01,-0.00777444365670554,0.00508684046053887,-0.11,0.0402732845401585,0,0.00673782939660583,7.58695652173913,-0.014213368273742
2014-12-01,0.0209908712010467,0.00776928601737481,0.12,0.0349011520566577,0.100000000000001,0.0891668664337626,17.6818181818182,-0.0689262476819259
2015-01-01,-0.0554301210852088,0.0123231988642072,-0.02,-0.00194118840899105,0.0999999999999996,-0.0520146637637531,23.5324675324675,-0.0333060055990906
2015-02-01,-0.0273462586759496,0.0121251125779409,-0.12,0.0669012597862627,0.3,-0.0286388003425717,20.2357142857143,0.0357814562526784
2015-03-01,0.0865392886722702,0.0131144723090468,0.22,0.108600611109708,0,-0.0159559994560592,19.1863636363636,0.00544644059507604
2015-04-01,-0.0306339383110856,0.00707530328946326,-0.0900000000000001,-0.0311500653415469,0.100000000000001,-0.0149838442065651,-35.4090909090909,0.0780296665529594
2015-05-01,-0.00695963016782564,0.00737172407226261,0.04,0.00605539174573022,0.899999999999999,-0.015549997858054,-12.7748917748918,0.0237837169764958
2015-06-01,0.00702723785544102,0.00787008588751448,0.0800000000000001,0.0162178531564585,-0.0999999999999996,-0.00628258226734246,11.8658008658008,-0.0425417514880753
2015-07-01,0.0316081349553112,0.00617984042493269,0.11,0.035176139737185,-0.0999999999999996,0.00425392335972141,25.6166007905138,-0.0366300368852244
2015-08-01,-0.019642142503157,0.00219720578137306,-0.0699999999999998,0.0865081037049049,1,-0.0186402164786497,17.184265010352,-0.078063676569549
2015-09-01,0.0070793683372532,0.00538503521749689,0,0.10579680823002,0.199999999999999,-0.00498669550316144,70.7900432900433,-0.0292130902638981
2015-10-01,0.044988753878485,0.00816543146944859,0,-0.00675755945959722,-0.199999999999999,0.0145254747987167,7.45454545454544,0.0206649239820091
2015-11-01,-0.00970153603620894,0.0100493145068459,-0.05,-0.0270952260500754,0.299999999999999,-0.000894187594601803,-14.7683982683983,-0.0040975044570235
2015-12-01,0.0156392082975998,0.0095532513459915,0.0999999999999999,0.0247702426162451,-0.0999999999999996,0.091081467663626,88.8593073593074,-0.0524519212537058
2016-01-01,-0.0625270135834288,0.012619315128827,-0.0999999999999999,0.0457577248809964,0.4,-0.0417108648854398,29.8454545454545,-0.126059226549126
2016-02-01,0.00148314138825612,0.00895929050709121,-0.0600000000000001,-0.0195896278964531,0.9,-0.0243569146846063,14.4857142857144,0.0406733489624269
2016-03-01,0.0515476449780614,0.00429033161548276,0.16,-0.0703238515021993,-0.4,-0.0157158190097437,-96.2857142857143,0.181178467177011
2016-04-01,-0.0174186093251869,0.0060822006380743,-0.0999999999999999,-0.0379953960989838,0.6,-0.00118502029692813,-31.952380952381,0.0530285979702558
2016-05-01,0.0102001596779395,0.00776875549496125,0.05,-0.00747598180110809,0.200000000000001,-0.00107437201143235,-14.4112554112554,-0.0162542903314993
2016-06-01,0.0441935453621145,0.00349318480249572,0.0499999999999998,-0.0329817765060767,0.0999999999999996,-0.011545232446748,-6.5,-0.0168988398974914
2016-07-01,-0.00656721396446613,0.0051873180378923,-0.0499999999999998,-0.0445441382981833,0.9,0.0145990866557515,-41.9458874458874,0.0924898359002988
2016-08-01,0.00339793094556917,0.00439027314411966,0.11,-0.0202525006136534,-0.100000000000001,-0.00647485478936538,-30.5383022774327,0.0525037371148862
2016-09-01,-0.0474597091961897,0.00079980842627414,-0.11,0.0144522701781984,-0.399999999999999,0.0217274609033229,8.02964426877469,0.00749888756557837
2016-10-01,0.0293464144339382,0.00259759831484274,-0.0600000000000001,-0.0219141643364353,0.899999999999999,0.00837903928143113,-4.91991341991343,0.0670691614150485
2016-11-01,0.030691639858512,0.00179940096563591,-0.01,0.0478747994403883,0.100000000000001,-0.00120792261225766,17.8744588744589,-0.0138281353265395
2016-12-01,0.0438064345969948,0.00299461696436509,0.0800000000000001,0.00306830577399131,0.0999999999999996,0.0898154298924219,0.045454545454561,-0.042853197321131
2017-01-01,-0.071831982784877,0.00379328636422649,-0.03,-0.0475624254176152,0.199999999999999,-0.0475800002771134,-32.5,0.0734456409171393
2017-02-01,-0.0239165372365431,0.00329462828420191,-0.22,-0.029336613238556,0.200000000000001,-0.0262409059408935,-20.2318181818182,0.0447986492350374
2017-03-01,0.0570665915476063,0.00249601431998592,0.18,0.00762059643417823,-0.100000000000001,-0.0098091240959377,0.136956521739137,-0.0215472280521958
2017-04-01,-0.0356725817343513,0.00139894511283067,-0.26,0.00263194005994571,-0.0999999999999996,0.0102392397964302,-9.40274599542334,-0.00863785617253221
2017-05-01,0.0440421832611921,0.00309558397914245,0.14,0.0230556028385778,-0.199999999999999,-0.00383580137109085,1.14187643020597,0.0100035852519031
2017-06-01,0.0142899718057841,-0.00230268155257995,-0.12,0.0264680637897534,-0.0999999999999996,0.00809075883576149,19.1284584980237,-0.0487893265173049
2017-07-01,0.00120368428755491,0.00239765145132331,-0.01,-0.0274553823715553,0.0999999999999996,0.0140047395247063,-12.5545454545455,0.0393346434133797
2017-08-01,-0.00337724973257458,0.0018975063804465,0,-0.017378141928486,-0.4,-0.0142209108109714,-4.74782608695648,0.0645434861282936
2017-09-01,-0.0492653492604784,0.00159771083719917,-0.16,-0.00513105928673974,0.199999999999999,0.0157694218892157,-13.7474120082816,0.0769273154919468
2017-10-01,0.0379083727046208,0.00419212938201952,0,0.0178501591536178,-0.0999999999999996,-0.000914562167272592,-17.0411255411256,0.0240541472060851
2017-11-01,0.0303105011779152,0.00279659803570986,-0.0700000000000001,0.021118156614383,-0.0999999999999996,0.00935844065936742,7.09090909090909,-0.0369036159173302
2017-12-01,0.0392803658570511,0.00439082669439728,-0.0299999999999999,0.00994657855489489,-0.0999999999999996,0.102467902846158,-9.00454545454548,0.00532731756753435
2018-01-01,-0.058115282454823,0.00289626267990251,0.0399999999999999,-0.0250189727733909,0.299999999999999,-0.0478575012096059,-12.9954545454545,0.0916354640419392
2018-02-01,-0.0493191042774868,0.00319523376527187,-0.11,0.00958609416437772,-0.0999999999999996,-0.0200677750407774,11.1507177033493,0.0461082524113259
2018-03-01,0.0573425192599313,0.000899221577245868,0.0600000000000001,0.0115680760523129,0,0.00207669622434814,6.84711779448622,0.0065433060976261
2018-04-01,-0.00135938074343045,0.00219716232886569,-0.01,0.0383819276513544,-0.299999999999999,0.0062476061484098,1.28571428571428,-0.00193744352267267
2018-05-01,-0.0223139489747037,0.00399255121032027,0,0.0649333874613267,0.0999999999999996,-0.000585884578395479,22.0227743271221,-0.0327195437857846
2018-06-01,0.0597515173388832,0.0125214205091968,0,0.0370206711216674,0.0999999999999996,0.0083842721245091,58.5010351966874,-0.124233626018578
2018-07-01,0.0040506946628156,0.00329521542398759,0.02,0.0146212501451806,-0.300000000000001,0.0152030679418189,-32.1255411255411,0.0576452039502868
2018-08-01,-0.000511403441288749,-0.000899416625909311,0.0299999999999999,0.0260466816933873,0,0.00146593908777781,12.0592885375494,0.0104939410021423
2018-09-01,-0.0456056927862409,0.00478822386630462,-0.1,0.0464442534861853,-0.299999999999999,0.0247515890398251,15.0043478260869,-0.0100033895792198
2018-10-01,0.0613153562932141,0.00448917344967548,0.0700000000000001,-0.0910341414385443,0.4,-0.011501125874176,-53.3521739130435,0.0889484288862068
2018-11-01,0.00327680924834439,-0.00210265007356369,-0.05,0.00747912536262918,0,0.000867668209421524,-4.66600790513831,0.0377967484518376
2018-12-01,0.0154182955619344,0.00149898297370576,0,0.0250715965457766,0.199999999999999,0.0878818809220316,7.2681818181818,-0.00429758832744653
2019-01-01,-0.0418179361432198,0.00319450941785426,0.05,-0.0370180755828573,0,-0.0512672039344082,-17.7681818181818,0.0818979386267209
2019-02-01,-0.0182624776188902,0.00429023675139106,-0.05,-0.00483102582452921,-0.300000000000001,-0.0248249701116627,-11.7318181818182,0.0232497897936987
2019-03-01,0.0195064037062664,0.00747163337833179,-0.02,0.0324670303631565,-0.0999999999999996,0.00395456540087835,6.69285714285715,-0.00429029329577091
2019-04-01,0.0234522030275386,0.00568351322154825,0.05,0.0128331693755759,0,0.00559024722488033,3.67532467532467,-0.00975793618130538
2019-05-01,0.0195265854174256,0.00129933333892396,0.02,0.0266871706113692,-0.199999999999999,-0.0158202379276418,8.26877470355731,-0.012678665998239
2019-06-01,-0.0105154356145487,9.97313009420964e-05,-0.0700000000000001,-0.0363163060418219,-0.0999999999999996,0.00667359807172652,-10.7869565217391,0.0499671734176825
2019-07-01,0.0469619176861027,0.00189874990584649,0.1,-0.0208240872191421,0.0999999999999996,0.00802975016948793,-27.4304347826087,0.0441677409687173
2019-08-01,-0.0175230288723682,0.0011000459302295,-0.07,0.0617446272624691,0.299999999999999,-0.00584511853508651,19.0395256916996,-0.0279641618888054
2019-09-01,-0.0032018675774772,-0.000399702810030433,-0.04,0.024943471872978,-0.299999999999999,0.0230376541178163,-4.57575757575756,0.0287058952600159
2019-10-01,0.0432589860480803,0.000999913092792681,0.02,-0.00841039118040943,0,0.00664611414584648,8.18840579710144,0.0107806357723579
2019-11-01,-0.0102086327950381,0.00508729438343281,-0.1,0.0165850458711914,-0.6,0.0150494588836754,-5.75983436853002,0.0285297827836573
2019-12-01,0.017979216699878,0.0114348963984128,-0.01,-0.0110850934090874,0.399999999999999,0.101053169048614,-15.6666666666667,0.0458289171429449
2020-01-01,-0.0452511650617282,0.00209732447485145,0.01,0.00967332679429922,-0.0999999999999996,-0.0593233951014689,-3.45887445887448,0.0362561979094149
2020-02-01,-0.0129305671583939,0.00249715149288399,-0.09,0.0451345955051654,-0.0999999999999996,0.00117046953105948,-7.68636363636364,-0.0321100562737406
2020-03-01,0.0106423885057811,0.000699507380831577,0.05,0.117835396313342,0.9,0.0181166182666921,139.595454545455,-0.328381257970014
2020-04-01,-0.104125245364751,-0.00310475512501007,-0.06,0.0866054286882194,0.799999999999999,0.0749192260849902,71.1212121212121,-0.0494393284760068
2020-05-01,0.0111745329703812,-0.00380700150503088,-0.04,0.057979362338064,-0.5,0.075747214008107,-4.66666666666669,0.0485392679045145
2020-06-01,0.0518843202135866,0.00259657139187652,-0.03,-0.0825001582198239,1.7,0.0607672124925216,-47.2727272727273,0.148110900276475
2020-07-01,0.0625202032985523,0.00359322566646725,-0.02,0.0159612384643095,0.5,0.0354480936635433,-8.29249011857712,0.0696467647322052
2020-08-01,-0.00727523878528658,0.00239766366128613,-0.03,0.0337083365565656,0.0999999999999996,0.0241855654757632,-39.0538302277432,0.00443995998907987
2020-09-01,0.0160707971496237,0.00638002538115323,0,-0.0113634447131206,0.0999999999999996,0.0354126142659101,0.573593073593031,-0.031330061875547
2020-10-01,0.0399387273755796,0.00856340535322708,0,0.0410612738978482,-0.299999999999999,0.0239412960752556,-6.81818181818181,-0.00645380674793117
2020-11-01,0.00608265961371224,0.00886076185011042,-0.01,-0.0376774262148765,0.199999999999999,0.00795715159872046,-38.5363636363636,0.0720311650284042
2020-12-01,0.0294191360102136,0.0134100429873047,0.01,-0.0515731440479215,-0.199999999999999,0.0593147314943661,-14.5545454545455,0.0941358162439769
2021-01-01,-0.0466942153166503,0.00249661560042469,-0.01,0.0401368096899297,-0.600000000000001,-0.0454437890585293,14.8545454545454,0.0380004964581069
2021-02-01,0.0337834130558061,0.0085631214550439,-0.02,0.0111963291874975,-0.0999999999999996,-0.0190505927703946,-1.44999999999999,-0.0224030005450935
2021-03-01,0.0846511991901959,0.00925726814713457,0.07,0.0415196960098549,0.300000000000001,-0.00361825126488213,24.0282608695652,-0.0310752424709229
2021-04-01,-0.0308258343485157,0.00309491820475749,0.00999999999999998,-0.014990911588493,0,0.00629896336477564,-14.287784679089,0.0461528161526275
2021-05-01,-0.00212921189305249,0.00826641119310523,0.06,-0.0499739986716314,-0.0999999999999996,-0.000727528263110955,-21.952380952381,0.0246028441607109
2021-06-01,0.00386692399143129,0.00528606196843384,0.04,-0.0502154573547609,-0.700000000000001,0.0214806032571051,0.0346320346320113,0.0539141510492591
2021-07-01,0.0386862894597915,0.00955390243830756,0.05,0.0244826850533861,-0.5,0.0540843945771954,27.5454545454546,-0.0232069822078529
2021-08-01,-0.00333853310300114,0.00866225071755089,0.07,0.0182764933890676,-0.199999999999999,-0.00627105945150319,15.5,-0.0464338727070981
2021-09-01,0.00694208445358768,0.0115328690703027,0.01,0.00531805017767994,-0.5,-0.0158834481022936,7.13636363636363,-0.0550102837619626
2021-10-01,0.0127223307328634,0.0124220838441893,0.05,0.0481305630011861,-0.4,-0.0159968882890027,22.2121212121212,-0.0337760776133287
2021-11-01,0.0212675413399914,0.0094558426439324,0.1,0.00304622746985417,-0.199999999999999,-0.00785597628356527,13.1060606060606,-0.054131816385091
2021-12-01,0.0145070160287784,0.00727306942680883,0.18,0.0168293150956296,-0.4,0.0355854874411001,-12.6422924901186,0.015264912387682
2022-01-01,-0.0796354349480648,0.00538576221200593,-0.04,-0.0209412074876552,-0.700000000000001,-0.0408528758792812,-4.70186335403724,0.00780923970706482
2022-02-01,0.0423032448656127,0.0100499458054983,0.03,-0.06293142791435,0,-0.00949256395816178,-1.74436090225566,0.0402075009976741
2022-03-01,0.106465524316256,0.0160706728999873,0.17,-0.0449120126364895,-0.5,0.00348057802904655,-9.98855835240272,0.0357788877831098
2022-04-01,-0.0230812739872484,0.0105443927917879,-0.1,-0.0432757856475925,-0.6,0.0115212856347515,-27.895652173913,-0.00111214901565759
2022-05-01,0.00768575664503679,0.00468906184051932,0.2,0.0405949539925461,-0.6,-0.00420317244385693,21.2454545454545,-0.0647606209592855
2022-06-01,-3.19597539562011e-05,0.00667822849660027,-0.01,0.0188147226129705,0.199999999999999,0.00768378412844051,19.8181818181818,-0.038412138940549
2022-07-01,0.0320280278762031,-0.00682325965905939,0.01,0.0612512736410114,-0.0999999999999996,-0.00590954481391215,14.2363636363636,-0.0457351817773013
2022-08-01,0.00128207999920527,-0.00360602289695144,0.14,-0.0427840173923884,-0.5,-0.00197966399265503,-52.9695652173913,0.104826332918586
2022-09-01,-0.020367870954404,-0.00290457058507521,-0.0999999999999999,0.0180560059453962,0.0999999999999996,-0.0060280496568943,-20.2667984189723,0.00597040022277717
2022-10-01,0.0480186730993051,0.00588344250529893,-0.05,0.00253669278986735,-0.399999999999999,-0.00827148049405757,-4.81363636363636,0.0431228602550107
2022-11-01,0.0017837086193957,0.00409122733418421,0,0.00463711657812693,-0.100000000000001,-0.000291187544810612,-3.60000000000002,-0.030953403741826
2022-12-01,0.00495781584105082,0.00618054397293122,0.1,-0.00614309789501899,0.300000000000001,0.0547485768797458,-7.49761904761903,-0.0411195643195903
2023-01-01,-0.083800676503337,0.00528559311471177,0,-0.00798709462507863,-0.0999999999999996,-0.0363058018737945,-2.15238095238095,0.0291303544887764
2023-02-01,0.0223722699919708,0.00836483100570895,-0.2,-0.00559242432538509,-0.300000000000001,-0.0120416024313368,-6.6421052631579,-0.0222559519805614
2023-03-01,0.121574505181421,0.00707524697156359,0.25,0.00766715372199478,0.200000000000001,-0.00529642236271677,9.45080091533183,-0.0552782100899289
2023-04-01,-0.0369099316397321,0.0060816226469349,-0.25,-0.0375019508062959,-0.200000000000001,0.000456323785973822,-2.55869565217392,0.013746622863799
2023-05-01,-0.00157829305562807,0.0022966123436472,0.2,-0.00737907420752526,0,-0.0211390569574199,-3.68636363636364,0.0376490982443123
2023-06-01,-0.0113157433545652,-0.000799986234271799,-0.05,-0.0266866912914125,-0.199999999999999,0.00752085361922461,-20.311004784689,0.0826612150567954
2023-07-01,0.0204798349166566,0.00119898963109399,0,-0.0105272855505989,-0.100000000000001,0.0599823599869644,-16.3526315789474,0.0175531650180911
2023-08-01,0.0128844992025705,0.00229791835504933,0.0699999999999998,0.0211692830725043,0,-0.00501090895532919,-5.83043478260868,-0.013963546543371
2023-09-01,-0.0190918422741255,0.0025971440053123,-0.17,0.00680945381190656,0,-0.010640116915825,-5.01956521739132,-0.00547330670726076
2023-10-01,0.0407366184111204,0.00239688877105948,0.03,0.0255598579358716,0.2,-0.00226014735082636,-4.29999999999998,-0.0227025922524149
2023-11-01,0.00710184506243294,0.00279655170368009,-0.08,-0.033430471368201,-0.2,0.00396102191488268,-1.69285714285715,0.0724714480849471
2023-12-01,-0.00118664069350061,0.00558451412195105,-0.03,-0.000224620443446844,-0.3,0.0667039086693038,-5.35714285714286,0.0538849428542001
2024-01-01,-0.0651737364585454,0.00419153776955028,0.08,0.00350648650890317,-0.0999999999999996,-0.0442971859145871,6.16666666666666,-0.000437999833128089
2024-02-01,0.0114860587689982,0.00826512092728748,-0.17,0.0101240032120369,0.399999999999999,-0.00500885533659634,9.03333333333333,-0.00475080780016235
2024-03-01,0.0707314521157869,0.00159827414624125,0.0299999999999999,0.00315790794750193,-0.899999999999999,0.0110767604975841,-2.39999999999998,-0.0104037706204991
2024-04-01,0.0279752985066963,0.00379240202341435,0.0600000000000001,0.0294837343757715,0.0999999999999996,0.0106226135126271,4.92727272727271,-0.0113086176483463
2024-05-01,-0.0274091158516967,0.00458972604698893,-0.0600000000000001,0.00076016727339745,0,0.0276048650142737,-0.954545454545439,0.00408388707903207
2024-06-01,0.0100890985275246,0.00209828558426395,-0.0399999999999999,0.0486751088035497,-0.2,0.0222900445035705,17.4114832535885,-0.0448155819692975
2024-07-01,0.0428176463613568,0.0037931228707393,0.12,0.0279986815729618,-0.0999999999999996,-0.00487415033243899,-1.77944862155388,0.0473182924847517
2024-08-01,-0.0144656674576638,-0.000199506401731497,-0.04,0.00191104678926579,-0.100000000000001,-0.00831333526694955,-1.77944862155388,0.0426724032798589
2024-09-01,-0.0103994593416044,0.00438997672150521,-0.03,-0.00198323331929062,-0.5,0.000626290113125094,-1.77944862155388,0.00823345353507676
2024-10-01,0.0509404735261665,0.00558380413111337,0.0900000000000001,0.0147792559767266,0.300000000000001,-0.0108762081693747,-1.77944862155388,-0.0218852137505632
2024-11-01,-0.0253238562854499,0.00389217589106217,-0.14,0.032023733841736,0.199999999999999,0.000132215642105749,-1.77944862155388,-0.0208713145201518
2024-12-01,-0.020109781930346,0.00518630078773974,0.14,0.0487204533258823,-0.199999999999999,0.0455695928188877,-1.77944862155388,-0.0306360760616595
2025-01-01,-0.0414826283296943,0.00159860887555041,0.08,-0.0124118580253456,0.0999999999999996,-0.0816984997838386,-1.77944862155388,-0.0194737174418993
2025-02-01,0.0368625554179811,0.0130155802394931,-0.02,-0.0434814212831898,0,-0.0297388682125614,-1.77944862155388,0.033160457258818
2025-03-01,0.0750776193317453,0.00558463114471408,-0.03,-0.00326638694753068,-0.2,0.00506625171329844,-1.77944862155388,0.0206389907887115
2025-04-01,0.0139009361372562,0.00429145014180143,0.1,0.00640110431602681,-0.3,0.0120536035222791,-1.77944862155388,0.0128016757308806
2025-05-01,-0.0228522366497845,0.00259676237053696,0.0799999999999998,-0.0203152865664595,-0.0999999999999996,0.0086152985068253,-1.77944862155388,0.0531548763108773
2025-06-01,-0.0107202832054512,0.00239724712176859,-0.0399999999999998,-0.0214574863264816,-0.300000000000001,0.00315761329693487,-1.77944862155388,-0.00145559019818542
2025-07-01,0.04126717082125,0.00259611820825789,0.18,-0.00335910161986575,0.100000000000001,-0.00339524566158644,-1.77944862155388,-0.00884474669108393
2025-08-01,-0.0271096574560534,-0.00110126383530407,-0.12,-0.0148715175404652,0.0999999999999996,0.000325872103498881,-1.77944862155388,0.00307615634141101
2025-09-01,0.00777705963444397,0.00478786882317195,0.0600000000000001,-0.0147046513020668,-0.2,0.00462022983475663,-1.77944862155388,0.0521939886004983
2025-10-01,0.0307940200119461,0.000899167040779858,0.0600000000000001,0.00336691259961031,-0.0999999999999996,-0.0171697223669849,-1.77944862155388,0.00475455961697158
2025-11-01,-0.0212002445695028,0.00179862262638331,-0.23,-0.00831690916442995,-0.2,-0.00316258995319707,-1.77944862155388,0.0751953584432563
2025-12-01,0.000387217656138361,0.00329449914174162,0.17,0.0207923879242873,0.100000000000001,0.0577557145869694,-1.77944862155388,0.0185682060449377
