"date","realized","fc_ridge","fc_2srr","err_ridge","err_2srr","lam_ridge","lam2_2srr"
1999-07-01,0.420800140020461,0.130573886983395,0.230186684068159,-0.290226253037066,-0.190613455952302,0.0212333270593706,2980.95798704173
1999-08-01,0.239664584460009,0.308527387139219,0.22900946811654,0.0688628026792098,-0.0106551163434687,0.0211994554092058,2980.95798704173
1999-09-01,0.41803584317579,0.312073599800429,0.216256401136222,-0.105962243375361,-0.201779442039569,0.021167407245047,2980.95798704173
1999-10-01,0.178624638146374,0.342423627618122,0.297309512600422,0.163798989471748,0.118684874454048,0.0211310000113287,2980.95798704173
1999-11-01,0.178306139365603,0.269700775267948,0.154665054487529,0.0913946359023453,-0.0236410848780741,0.0210854488992796,2980.95798704173
1999-12-01,0.237248035363091,0.214530206651144,0.177189473807006,-0.0227178287119469,-0.0600585615560857,0.0210671764557819,2980.95798704173
2000-01-01,0.295770697723263,0.312682570590229,0.249731670395502,0.016911872866966,-0.0460390273277608,0.0210459807421465,2980.95798704173
2000-02-01,0.41261479111725,0.305517824872772,0.164287957102969,-0.107096966244478,-0.24832683401428,0.0210252274669182,2980.95798704173
2000-03-01,0.58651194523982,0.286909818083195,0.231160901263672,-0.299602127156626,-0.355351043976149,0.0210187260051975,2980.95798704173
2000-04-01,-0.0584966381114604,0.446562085530762,0.316153122325556,0.505058723642222,0.374649760437017,0.0209768387080367,2980.95798704173
2000-05-01,0.17538735860958,0.203522933147826,0.0196096669355265,0.0281355745382455,-0.155777691674053,0.0209023491608833,2980.95798704173
2000-06-01,0.582412828598855,0.0963713408301334,0.371943242579789,-0.486041487768722,-0.210469586019067,0.0208913621623259,2980.95798704173
2000-07-01,0.289939315900245,0.412731254120505,0.238096216252945,0.12279193822026,-0.0518430996473003,0.0208724443871035,2980.95798704173
2000-08-01,0,0.290740472074348,0.0967272872763352,0.290740472074348,0.0967272872763352,0.0208747663905,2980.95798704173
2000-09-01,0.519781707361755,0.145153521413873,0.19543140781755,-0.374628185947882,-0.324350299544205,0.0208978032077936,2980.95798704173
2000-10-01,0.172661913398731,0.387884027437404,0.357741942117555,0.215222114038674,0.185080028718825,0.0208322538371062,2980.95798704173
2000-11-01,0.172364305816508,0.263377001315154,0.235943801749891,0.0910126954986457,0.0635794959333825,0.0207773007425879,2980.95798704173
2000-12-01,0.229357898709903,0.227724613784732,0.323559866502048,-0.00163328492517162,0.0942019677921453,0.0207782491691527,2980.95798704173
2001-01-01,0.571103779551496,0.272642500994919,0.212068185642348,-0.298461278556577,-0.359035593909148,0.0207493934555242,2980.95798704173
2001-02-01,0.227531383713497,0.440994603799262,0.318575578683428,0.213463220085764,0.091044194969931,0.0207223911402734,2980.95798704173
2001-03-01,0.0568020464008612,0.270036464686662,0.159658884281704,0.213234418285801,0.102856837880842,0.0207536922832447,2980.95798704173
2001-04-01,0.170212807053094,0.0937758439486434,0.22626086028727,-0.0764369631044505,0.0560480532341761,0.0207974009689083,1096.63315842846
2001-05-01,0.508906950747168,0.173262817466537,0.309085513412001,-0.33564413328063,-0.199821437335167,0.0208002620930918,2980.95798704173
2001-06-01,0.225352208044338,0.298895013618421,0.188178759642882,0.0735428055740824,-0.0371734484014563,0.0207940852775213,2980.95798704173
2001-07-01,-0.168966528512726,0.206806371852072,0.113461779051242,0.375772900364798,0.282428307563968,0.0208527207502241,2980.95798704173
2001-08-01,0,-0.0148686649367958,0.0736876484784727,-0.0148686649367958,0.0736876484784727,0.0209900394831633,2980.95798704173
2001-09-01,0.393812042013764,0.0158505043276581,0.31565251767918,-0.377961537686106,-0.0781595243345841,0.0211073936303988,2980.95798704173
2001-10-01,-0.281135973754676,0.0307105608693688,-0.0713582109458333,0.311846534624045,0.209777762808843,0.0211004197201948,2980.95798704173
2001-11-01,-0.0563221642599032,0.0608008055733131,0.648561883901433,0.117122969833216,0.704884048161336,0.021271946971567,2980.95798704173
2001-12-01,-0.0563539039991845,-0.0196370923292916,-0.051652252208976,0.0367168116698929,0.00470165179020848,0.0213682643187077,2980.95798704173
2002-01-01,0.168966528512726,-0.0499970071984523,0.0233057666366676,-0.218963535711179,-0.145660761876059,0.0214197473172486,2980.95798704173
2002-02-01,0.168681513147906,0.0421044654820075,0.126424516836347,-0.126577047665898,-0.0422569963115589,0.0213896898936196,2980.95798704173
2002-03-01,0.28050509276083,0.0655331139930864,0.0309264500822227,-0.214971978767743,-0.249578642678607,0.0213847630397617,2980.95798704173
2002-04-01,0.447177939139376,0.248317126489329,0.222664923068179,-0.198860812650047,-0.224513016071197,0.0213629339191978,2980.95798704173
2002-05-01,0.11148273172461,0.265220241126857,0.153484985109227,0.153737509402246,0.0420022533846164,0.0213285482783964,2980.95798704173
2002-06-01,0.0556947939766239,0.112274450050926,0.0231770193287243,0.0565796560743018,-0.0325177746478996,0.0213075002251034,2980.95798704173
2002-07-01,0.222469502211098,0.0465596090752441,0.14295615281921,-0.175909893135854,-0.0795133493918875,0.0213411860328733,2980.95798704173
2002-08-01,0.27739268827256,0.0862320442198781,0.184348659639921,-0.191160644052682,-0.0930440286326383,0.0213260604392824,2980.95798704173
2002-09-01,0.166067018514049,0.181281142867981,0.11124112636879,0.0152141243539325,-0.0548258921452592,0.0213165921643321,2980.95798704173
2002-10-01,0.220994565080268,0.154739787954499,0.177003692489487,-0.0662547771257694,-0.0439908725907808,0.0213163486717052,2980.95798704173
2002-11-01,0.165426009602587,0.22889249059859,0.258358712520058,0.0634664809960023,0.0929327029174706,0.0212908138066776,2980.95798704173
2002-12-01,0.165152803847324,0.205747299047061,0.159338708671295,0.0405944951997369,-0.00581409517602835,0.0213092979034291,2980.95798704173
2003-01-01,0.439078641749013,0.105779436162119,0.143389669893897,-0.333299205586894,-0.295688971855116,0.0213057134860317,2980.95798704173
2003-02-01,0.546151002552175,0.272770010183459,0.254724599372387,-0.273380992368717,-0.291426403179789,0.0212397920589461,2980.95798704173
2003-03-01,0.163265342388552,0.338391781664738,0.338244506558282,0.175126439276186,0.174979164169729,0.0212242743984148,2980.95798704173
2003-04-01,-0.381367937024546,0.245533558359662,0.188299449735024,0.626901495384208,0.56966738675957,0.021246993426446,2980.95798704173
2003-05-01,-0.163889684321017,-0.07398266875466,-0.122499907141022,0.0899070155663569,0.0413897771799954,0.0212872541275205,2980.95798704173
2003-06-01,0.109289628364451,-0.0174228888222539,0.322940847212491,-0.126712517186705,0.213651218848041,0.0213765249791892,2980.95798704173
2003-07-01,0.327154054061563,0.16281240196306,0.377836683107724,-0.164341652098503,0.0506826290461619,0.0213536160875547,2980.95798704173
2003-08-01,0.434547125950147,0.222173142276975,0.21076396194039,-0.212373983673171,-0.223783164009757,0.0213246665722486,2980.95798704173
2003-09-01,0.324675609887048,0.343204521642482,0.29476737970953,0.0185289117554339,-0.0299082301775186,0.0212884248351352,2980.95798704173
2003-10-01,-0.108108118637329,0.287336683043974,0.173350050649568,0.395444801681303,0.281458169286896,0.0212519240461121,2980.95798704173
2003-11-01,0.0540686685245539,0.0632860370394456,0.0771625551835723,0.00921736851489165,0.0230938866590184,0.0212336963025402,2980.95798704173
2003-12-01,0.269905696916517,0.0993439176187893,0.212892845506676,-0.170561779297728,-0.0570128514098409,0.0212473720122632,2980.95798704173
2004-01-01,0.430339556005332,0.197000983053271,0.292070275879254,-0.233338572952061,-0.138269280126078,0.0212259292457145,2980.95798704173
2004-02-01,0.21447729401336,0.317896311057613,0.23118300848896,0.103419017044253,0.0167057144756002,0.0211846430282512,2980.95798704173
2004-03-01,0.214018273236771,0.250367654269928,0.12214223009917,0.0363493810331563,-0.0918760431376013,0.0211579954363115,2980.95798704173
2004-04-01,0.160213652427732,0.205896139720623,0.199652986954844,0.0456824872928907,0.0394393345271123,0.0211428065278806,2980.95798704173
2004-05-01,0.425985734695811,0.228350463351144,0.276627366315112,-0.197635271344666,-0.149358368380699,0.0211513520990982,2980.95798704173
2004-06-01,0.371254735618454,0.364262106286417,0.415106523498147,-0.0069926293320367,0.0438517878796938,0.0211361818912435,2980.95798704173
2004-07-01,0.105820115694755,0.303769704513152,0.190757615920762,0.197949588818397,0.0849375002260069,0.0210869475486912,2980.95798704173
2004-08-01,0.0528680953365779,0.13978628770545,0.0525003170950462,0.0869181923688724,-0.000367778241531634,0.0210715380980327,2980.95798704173
2004-09-01,0.316622955805013,0.102424606580959,0.224500919127705,-0.214198349224054,-0.0921220366773074,0.0210739796817016,2980.95798704173
2004-10-01,0.525487283835879,0.232111808177024,0.201670562278763,-0.293375475658855,-0.323816721557116,0.0210697356648414,2980.95798704173
2004-11-01,0.470589103741226,0.450651466909197,0.46167996955968,-0.0199376368320285,-0.0089091341815456,0.0210300891936852,2980.95798704173
2004-12-01,0,0.400371097029835,0.178732147246337,0.400371097029835,0.178732147246337,0.0209627775151678,2980.95798704173
2005-01-01,-0.0521784514838863,0.205033971311559,-0.0561287960637191,0.257212422795445,-0.00395034457983279,0.020939654393668,2980.95798704173
2005-02-01,0.416667269484616,0.187416993230008,0.584491271341834,-0.229250276254608,0.167824001857218,0.0209838387739158,2980.95798704173
2005-03-01,0.363165120286268,0.239730633571607,0.282658289420215,-0.123434486714662,-0.0805068308660534,0.0209479549361384,2980.95798704173
2005-04-01,0.310238097848181,0.354447608027926,0.270250948964247,0.0442095101797452,-0.0399871488839342,0.0209277339298425,2980.95798704173
2005-05-01,-0.0516395570473449,0.322702504759786,0.205080219602406,0.374342061807131,0.256719776649751,0.0208960800591779,2980.95798704173
2005-06-01,0.0516395570473449,0.167776699210291,0.119669378031521,0.116137142162946,0.0680298209841765,0.0208519973105501,2980.95798704173
2005-07-01,0.617603610056427,0.20727703418882,0.343727963647805,-0.410326575867607,-0.273875646408623,0.0208745431456464,2980.95798704173
2005-08-01,0.613812668878566,0.431470333028332,0.51548397230815,-0.182342335850234,-0.0983286965704164,0.0208290688352064,1096.63315842846
2005-09-01,1.36745610201734,0.541705706135095,0.196329250553639,-0.825750395882245,-1.1711268514637,0.0207669636025389,1096.63315842846
2005-10-01,0.150791684767704,0.82754775761946,0.771977630662111,0.676756072851756,0.621185945894408,0.0209033828449971,2980.95798704173
2005-11-01,-0.503525736564558,0.41047333640362,0.0334564910597753,0.913999072968179,0.536982227624334,0.0206307262268869,8103.08392757538
2005-12-01,0,0.00906474157106376,0.0552557029337738,0.00906474157106376,0.0552557029337738,0.0205414555533501,2980.95798704173
2006-01-01,0.60392735142436,0.248460658722424,0.740514210897375,-0.355466692701936,0.136586859473015,0.0206011262101484,2980.95798704173
2006-02-01,0.0501630308988865,0.434389385825048,0.476785551157732,0.384226354926162,0.426622520258846,0.0205373000271741,8103.08392757538
2006-03-01,0.150338289403162,0.233699647156272,0.0563324348834777,0.0833613577531101,-0.0940058545196847,0.0204633458476591,8103.08392757538
2006-04-01,0.499501538052272,0.332826425615868,0.430448252980979,-0.166675112436404,-0.0690532850712921,0.0204664741177147,8103.08392757538
2006-05-01,0.298507684345406,0.499388183016483,0.564205370736177,0.200880498671077,0.265697686390772,0.0204447686683342,8103.08392757538
2006-06-01,0.248077527376278,0.332772236818808,0.203922533063672,0.0846947094425297,-0.0441549943126057,0.0203976774979918,2980.95798704173
2006-07-01,0.543613891225991,0.224851420863655,0.160779671137836,-0.318762470362337,-0.382834220088155,0.0203742862366466,2980.95798704173
2006-08-01,0.442587395685567,0.362670699909925,0.32957790995064,-0.0799166957756428,-0.113009485734928,0.020355490129213,8103.08392757538
2006-09-01,-0.491884907159612,0.386256663868489,0.247262930027313,0.878141571028101,0.739147837186925,0.0203516653767189,8103.08392757538
2006-10-01,-0.444774639823642,-0.0611176070436877,-0.136319086642607,0.383657032779954,0.308455553181035,0.0203359138036635,8103.08392757538
2006-11-01,0.049517208241312,-0.0124341999479298,0.31563595085649,-0.0619514081892418,0.266118742615178,0.0205424357771688,8103.08392757538
2006-12-01,0.543077118513402,0.264480576362316,0.57965560362767,-0.278596542151086,0.0365784851142678,0.0205677570626663,8103.08392757538
2007-01-01,0.165790605623251,0.367258042141267,0.349313468585654,0.201467436518017,0.183522862962404,0.0205392304849785,8103.08392757538
2007-02-01,0.387084913353952,0.24805128767504,0.0951193717528714,-0.139033625678912,-0.291965541601081,0.0204951611663338,8103.08392757538
2007-03-01,0.518664749319964,0.461960473122892,0.477480567020408,-0.0567042761970721,-0.0411841822995553,0.0204761156400254,8103.08392757538
2007-04-01,0.299616948199866,0.375037562551262,0.239204683721322,0.0754206143513961,-0.0604122644785441,0.0204665497605866,8103.08392757538
2007-05-01,0.412447665692373,0.292339499721465,0.173769860264455,-0.120108165970907,-0.238677805427917,0.0204361949981402,8103.08392757538
2007-06-01,0.2314072179459,0.318752486663173,0.275430023215531,0.0873452687172726,0.0440228052696304,0.0204192493532019,8103.08392757538
2007-07-01,0.1779012466681,0.268695373210233,0.242732273678164,0.0907941265421338,0.0648310270100647,0.0204012567754451,8103.08392757538
2007-08-01,0.0308233200118302,0.264988349110419,0.289766286046279,0.234165029098589,0.258942966034449,0.020417613544313,8103.08392757538
2007-09-01,0.422860024543859,0.0541683875011096,0.00731898622458006,-0.368691637042749,-0.415541038319278,0.020405471760024,8103.08392757538
2007-10-01,0.307849440109909,0.315267299497084,0.404105792384678,0.00741785938717521,0.0962563522747696,0.0203363146227686,8103.08392757538
2007-11-01,0.782816408287346,0.301602135492663,0.22862920702767,-0.481214272794683,-0.554187201259676,0.0202956036080446,8103.08392757538
2007-12-01,0.289382340294875,0.475919887582592,0.425637977588988,0.186537547287718,0.136255637294113,0.020289720179483,8103.08392757538
2008-01-01,0.344177536717361,0.167662773666118,0.0238787460748729,-0.176514763051243,-0.320298790642488,0.0202204063987867,8103.08392757538
2008-02-01,0.241490863745408,0.342238791613535,0.35771837769633,0.100747927868127,0.116227513950921,0.0202257362838516,8103.08392757538
2008-03-01,0.357164189274517,0.143178941259172,0.177541523012744,-0.213985248015344,-0.179622666261773,0.0202059277553607,8103.08392757538
2008-04-01,0.231170696550809,0.204543771145644,0.302302843630548,-0.0266269254051643,0.0711321470797394,0.0202111411599404,8103.08392757538
2008-05-01,0.590005206812361,0.168387148382522,0.256372075535429,-0.421618058429839,-0.333633131276932,0.0201844450485447,8103.08392757538
2008-06-01,1.04237187971661,0.355123635764471,0.407293441608385,-0.687248243952137,-0.635078438108223,0.0200689009822007,2980.95798704173
2008-07-01,0.711606539350473,0.507786588126697,0.617462349159278,-0.203819951223777,-0.0941441901911951,0.0200655031471972,8103.08392757538
2008-08-01,-0.14895846082954,0.32869543630161,0.304162404474647,0.47765389713115,0.453120865304188,0.0202639678905251,8103.08392757538
2008-09-01,0.0854726299673203,-0.10098579179438,-0.0423231326937956,-0.186458421761701,-0.127795762661116,0.0203907131502777,8103.08392757538
2008-10-01,-0.863561639955801,0.0812875102684448,0.389980292100443,0.944849150224246,1.25354193205624,0.0206839907517597,8103.08392757538
2008-11-01,-1.78640940928183,-0.635460363357757,-0.437625912675978,1.15094904592407,1.34878349660585,0.0212674556594829,8103.08392757538
2008-12-01,-0.826760505408153,-1.09479808512127,-1.15357123508661,-0.268037579713116,-0.326810729678455,0.0223285131632073,8103.08392757538
2009-01-01,0.25275743322668,-0.607676058116806,-0.399472873418301,-0.860433491343486,-0.652230306644981,0.0227699441646036,8103.08392757538
2009-02-01,0.36360422314452,0.0304300518599515,0.629999617068625,-0.333174171284569,0.266395393924105,0.022473374872365,8103.08392757538
2009-03-01,-0.0987770541272859,0.0742201679710998,0.155363131776505,0.172997222098386,0.254140185903791,0.0223914790561983,8103.08392757538
2009-04-01,0.100657575219731,-0.188639881077802,-0.25078538307255,-0.289297456297533,-0.351442958292282,0.0223672459350022,2980.95798704173
2009-05-01,0.147041233264744,0.104107931840722,0.37446336813537,-0.0429333014240219,0.227422134870626,0.02233996835828,2980.95798704173
2009-06-01,0.826535985544119,0.0925661548371857,0.42115085002973,-0.733969830706933,-0.405385135514389,0.0223959746224197,2980.95798704173
2009-07-01,-0.0298009855155712,0.495483987068319,0.823045383514389,0.52528497258389,0.852846369029961,0.0222727396392694,2980.95798704173
2009-08-01,0.334285979087934,-0.175078716051638,-0.0994441410399126,-0.509364695139572,-0.433730120127846,0.0221708360585765,2980.95798704173
2009-09-01,0.192902546683626,0.248272022099718,0.851114545026592,0.0553694754160914,0.658211998342966,0.0220585604010812,2980.95798704173
2009-10-01,0.299743499858529,0.0222010439271269,0.201143673596256,-0.277542455931402,-0.098599826262273,0.0220452289798862,2980.95798704173
2009-11-01,0.334299654493098,0.189752212012301,0.277801851234265,-0.144547442480796,-0.0564978032588328,0.0220148503677223,2980.95798704173
2009-12-01,0.0520041154797646,0.216474460851489,0.26432052351949,0.164470345371725,0.212316408039726,0.0219739588247833,2980.95798704173
2010-01-01,0.0648521875846519,0.0602086484132732,0.23545681864147,-0.00464353917137875,0.170604631056818,0.0219658273374884,2980.95798704173
2010-02-01,-0.0952229876745037,0.120565752340025,0.305237074042997,0.215788740014529,0.4004600617175,0.0219615087472685,2980.95798704173
2010-03-01,0.0331313245896858,-0.17604702425189,-0.173455702178585,-0.209178348841576,-0.206587026768271,0.0219592654416781,2980.95798704173
2010-04-01,0.0230014077875929,0.153980570777805,0.223471997472854,0.130979162990212,0.200470589685261,0.0219708570438209,2980.95798704173
2010-05-01,-0.0519907164575173,0.00207960227237179,0.110773498192865,0.0540703187298891,0.162764214650383,0.0219888692849191,2980.95798704173
2010-06-01,-0.0418882877728066,-0.20557494274484,-0.385219838993158,-0.163686654972033,-0.343331551220352,0.0220003936707831,2980.95798704173
2010-07-01,0.186750866135821,-0.0336867637116698,-0.00304822475866,-0.220437629847491,-0.189799090894481,0.0220256084214771,2980.95798704173
2010-08-01,0.146029672723902,0.0212489633054645,-0.0189589444517074,-0.124780709418437,-0.164988617175609,0.022000417733455,2980.95798704173
2010-09-01,0.161394631065725,0.0133420036681799,0.0725408249394232,-0.148052627397546,-0.0888538061263023,0.0219864344202293,2980.95798704173
2010-10-01,0.347579870179526,0.0523095981183685,0.100758205504677,-0.295270272061158,-0.246821664674849,0.0219821350223673,2980.95798704173
2010-11-01,0.253063685923394,0.192634596592484,0.202560119116735,-0.0604290893309102,-0.0505035668066584,0.0219548546674573,2980.95798704173
2010-12-01,0.400853143884916,0.11090378905053,0.147015028589123,-0.289949354834386,-0.253838115295793,0.0219353752955219,2980.95798704173
2011-01-01,0.3237794880806,0.25764852673137,0.425725782839451,-0.0661309613492305,0.101946294758851,0.0219101404397602,8103.08392757538
2011-02-01,0.320931925142531,0.228887546711305,0.17331099426118,-0.0920443784312261,-0.147620930881351,0.0218923758870562,8103.08392757538
2011-03-01,0.516021138565659,0.106664901941176,0.0356055265736845,-0.409356236624483,-0.480415611991974,0.0218782719499119,8103.08392757538
2011-04-01,0.468311604905569,0.274339209265173,0.307305908243652,-0.193972395640396,-0.161005696661917,0.0218651112487335,8103.08392757538
2011-05-01,0.317666379111969,0.269381396815653,0.401917122866775,-0.0482849822963168,0.0842507437548053,0.0218434733787268,2980.95798704173
2011-06-01,0,0.167779730609889,0.14038255132884,0.167779730609889,0.14038255132884,0.0218061008704554,8103.08392757538
2011-07-01,0.26166105186638,-0.00547275110468689,0.031911846147546,-0.267133802971067,-0.229749205718834,0.0217977908823228,8103.08392757538
2011-08-01,0.314949728891101,0.17582016633946,0.224849325893552,-0.139129562551641,-0.0901004029975486,0.0217624936296859,2980.95798704173
2011-09-01,0.216919345588362,0.0385543226728725,0.0543311666758513,-0.17836502291549,-0.162588178912511,0.0217266175267219,2980.95798704173
2011-10-01,0.0674979676975163,0.180596450353013,0.336838305004764,0.113098482655497,0.269340337307248,0.0217012199423382,2980.95798704173
2011-11-01,0.184614488049473,0.0665750069474397,0.096252970392924,-0.118039481102033,-0.0883615176565486,0.0216958979945966,2980.95798704173
2011-12-01,0.0237680241968796,0.212131059861865,0.309142715834376,0.188363035664985,0.285374691637496,0.0216726373130195,2980.95798704173
2012-01-01,0.272049215726167,0.0322854510731922,0.0916058393982625,-0.239763764652974,-0.180443376327904,0.0216749142767571,2980.95798704173
2012-02-01,0.213516503686773,0.239730975809511,0.302961285142437,0.0262144721227386,0.0894447814556645,0.021639304849185,2980.95798704173
2012-03-01,0.209128213139831,0.2087222156061,0.322432953141122,-0.000405997533730384,0.113304740001291,0.0216214532571508,2980.95798704173
2012-04-01,0.165941076607456,0.165489868099602,0.240656066001975,-0.000451208507854628,0.074714989394518,0.0215996796910588,2980.95798704173
2012-05-01,-0.207032177028221,0.115416046203578,0.0915612416696934,0.322448223231799,0.298593418697915,0.0215672172773317,2980.95798704173
2012-06-01,-0.0826704797574074,-0.057498283895366,0.0362653035526738,0.0251721958620414,0.118935783310081,0.0215922056166456,2980.95798704173
2012-07-01,0.0288768230500835,-0.0226321920738618,0.0206395112188069,-0.0515090151239453,-0.00823731183127665,0.0216220155221617,2980.95798704173
2012-08-01,0.579271774312318,0.0986548637146543,0.154149232609548,-0.480616910597663,-0.425122541702769,0.0216458246451083,2980.95798704173
2012-09-01,0.475991986345825,0.330973914195886,0.392556336384103,-0.145018072149939,-0.0834356499617216,0.0215866581559836,8103.08392757538
2012-10-01,0.269316475440018,0.274699899195634,0.211900655322179,0.0053834237556159,-0.0574158201178393,0.0215720928530967,8103.08392757538
2012-11-01,-0.168075617407748,0.161697211969642,0.144857162122828,0.32977282937739,0.312932779530576,0.0215447860496601,8103.08392757538
2012-12-01,-0.0121088935646441,-0.0193747266707992,-0.004706278071037,-0.0072658331061551,0.00740261549360706,0.0215511039950696,8103.08392757538
2013-01-01,0.197882976647978,0.075582747052482,0.157341907008288,-0.122300229595496,-0.0405410696396905,0.0215538788382158,8103.08392757538
2013-02-01,0.541523784895492,0.30459215931133,0.489939332729306,-0.236931625584163,-0.0515844521661864,0.021537815484105,8103.08392757538
2013-03-01,-0.281587997395238,0.297216570093165,0.275910313592916,0.578804567488404,0.557498310988155,0.0214990044454497,8103.08392757538
2013-04-01,-0.209016213434055,-0.104607934277313,-0.109960357047602,0.104408279156742,0.0990558563864529,0.0214615463629728,8103.08392757538
2013-05-01,0.0414069750788393,-0.0601183752099624,0.0846160952676695,-0.101525350288802,0.0432091201888302,0.0215371126737372,8103.08392757538
2013-06-01,0.237757952195494,0.109054604043347,0.224817665680075,-0.128703348152148,-0.0129402865154192,0.0215489263947288,8103.08392757538
2013-07-01,0.195553898719592,0.182197123848957,0.192665802425852,-0.0133567748706349,-0.00288809629373921,0.0215181611208377,8103.08392757538
2013-08-01,0.238444563137108,0.172542639766355,0.153688076705781,-0.0659019233707526,-0.0847564864313269,0.021508796047336,8103.08392757538
2013-09-01,0.0376873666131594,0.159144901510615,0.075087991026866,0.121457534897456,0.0374006244137066,0.0214889372081235,8103.08392757538
2013-10-01,0.0535087863489991,0.0444865795406805,0.0970303682869095,-0.0090222068083186,0.0435215819379104,0.0214860997675019,8103.08392757538
2013-11-01,0.184279044557734,0.059722163277467,0.11980767721761,-0.124556881280267,-0.0644713673401235,0.0214942918375246,8103.08392757538
2013-12-01,0.264067949336599,0.12108170739535,0.170550690671258,-0.14298624194125,-0.0935172586653409,0.0214788764172193,8103.08392757538
2014-01-01,0.242124171757485,0.201532921602019,0.200034830269343,-0.0405912501554662,-0.0420893414881426,0.0214497620391927,8103.08392757538
2014-02-01,0.110017320770073,0.109691526478889,0.103186880917687,-0.000325794291183942,-0.00683043985238554,0.0214316351540883,8103.08392757538
2014-03-01,0.203997314024917,0.0876967836861657,0.0338255068715789,-0.116300530338752,-0.170171807153338,0.0214290148981396,8103.08392757538
2014-04-01,0.186245016756281,0.109248030153377,0.197612077301384,-0.0769969866029046,0.0113670605451031,0.0214113089238894,8103.08392757538
2014-05-01,0.190119748174045,0.167927239908906,0.214639582454945,-0.0221925082651382,0.0245198342808999,0.0213922275233192,8103.08392757538
2014-06-01,0.13202602787965,0.0723974999829836,0.0843270754305809,-0.0596285278966668,-0.0476989524490694,0.021381591689256,8103.08392757538
2014-07-01,0.112485240275095,0.111847143080628,0.145651921637977,-0.000638097194467752,0.0331666813628822,0.0213806091060781,8103.08392757538
2014-08-01,-0.0160014148960386,0.121177801102318,0.1691318286506,0.137179215998357,0.185133243546639,0.0213637825239917,8103.08392757538
2014-09-01,0.00715884422870516,0.0391673556625343,0.102804670616385,0.0320085114338292,0.0956458263876802,0.0213725518428586,8103.08392757538
2014-10-01,-0.0197933490782454,0.0516476235011357,0.0509186417191527,0.071440972579381,0.070711990797398,0.0213842197862453,8103.08392757538
2014-11-01,-0.188443458454213,0.00387795519385033,0.010347154983698,0.192321413648063,0.198790613437911,0.0214027152900747,8103.08392757538
2014-12-01,-0.308937665812437,0.00283727402320347,0.0510937358531114,0.31177493983564,0.360031401665548,0.0214485717163964,8103.08392757538
2015-01-01,-0.639069349248711,-0.179744111077967,-0.162022929857461,0.459325238170744,0.47704641939125,0.0215021445629221,8103.08392757538
2015-02-01,0.253143688849811,-0.372447242082367,-0.513118007789463,-0.625590930932178,-0.766261696639274,0.0217239108267749,2980.95798704173
2015-03-01,0.269032959658144,0.208600290043911,0.29111268062942,-0.0604326696142333,0.0220797209712761,0.0215871343284159,8103.08392757538
2015-04-01,0.104193589238211,0.220536441206185,0.161393430046127,0.116342851967975,0.0571998408079163,0.0215592944686262,8103.08392757538
2015-05-01,0.329231970405353,0.120142529534975,0.0577081522917922,-0.209089440870378,-0.27152381811356,0.0215550183476453,8103.08392757538
2015-06-01,0.276409717171511,0.314488133875595,0.363603251647318,0.0380784167040843,0.0871935344758074,0.0215246382214973,8103.08392757538
2015-07-01,0.158506290399441,0.128234126597998,0.0704542041115854,-0.0302721638014427,-0.0880520862878551,0.0215147750598818,8103.08392757538
2015-08-01,-0.000420108934306995,0.0624199550481706,-0.0481848160923211,0.0628400639824776,-0.0477647071580141,0.0214808251558134,8103.08392757538
2015-09-01,-0.225011713527223,0.0450515593200741,0.0555834476111097,0.270063272847298,0.280595161138333,0.021481671170096,8103.08392757538
2015-10-01,0.098899280204634,-0.118486462345986,-0.145167321609947,-0.21738574255062,-0.244066601814581,0.0215208040410315,8103.08392757538
2015-11-01,0.119390450335111,0.120528277597623,0.148451882093336,0.00113782726251205,0.0290614317582258,0.0214992252803747,8103.08392757538
2015-12-01,-0.107613224951653,0.095153745488993,0.113095384272276,0.202766970440646,0.220708609223928,0.0214697375021353,8103.08392757538
2016-01-01,-0.0458548680452253,0.00499184446312125,-0.0943252406451665,0.0508467125083466,-0.0484703725999411,0.0215045445502313,8103.08392757538
2016-02-01,-0.133056012623634,-0.00645375033532832,0.0481224906131233,0.126602262288305,0.181178503236757,0.0215098235158103,8103.08392757538
2016-03-01,0.312989300892763,0.0411825488556205,0.0784945986769305,-0.271806752037143,-0.234494702215833,0.0215543818556171,8103.08392757538
2016-04-01,0.382332692320997,0.278911237039666,0.351826545985445,-0.10342145528133,-0.0305061463355514,0.0215125699551837,8103.08392757538
2016-05-01,0.236130579115468,0.218713633074211,0.208696109029374,-0.0174169460412567,-0.027434470086094,0.0214890944679835,8103.08392757538
2016-06-01,0.277211143403466,0.146267723525618,0.160291537372445,-0.130943419877848,-0.116919606031021,0.0214709927416667,8103.08392757538
2016-07-01,-0.0503827643313137,0.179655051344704,0.16645600049678,0.230037815676018,0.216838764828093,0.021452543434194,8103.08392757538
2016-08-01,0.184751408018524,0.0113529507813999,0.0622894226664453,-0.173398457237124,-0.122461985352079,0.0214489960182929,8103.08392757538
2016-09-01,0.261977518476897,0.185004826327448,0.205835271220323,-0.0769726921494489,-0.056142247256574,0.0214306668166342,8103.08392757538
2016-10-01,0.233994768375556,0.222828343906583,0.194147660029647,-0.0111664244689726,-0.0398471083459093,0.0214109971814288,8103.08392757538
2016-11-01,0.117825330364241,0.187629693439311,0.14964646496498,0.0698043630750699,0.031821134600739,0.0213862157660381,8103.08392757538
2016-12-01,0.252134090568212,0.0686502806385907,0.0187277539315379,-0.183483809929622,-0.233406336636674,0.0213785192864856,8103.08392757538
2017-01-01,0.403492542365846,0.271708987576101,0.238651839723735,-0.131783554789745,-0.164840702642112,0.0213578190425617,8103.08392757538
2017-02-01,0.159139042329759,0.298179683545731,0.32254493365369,0.139040641215972,0.163405891323931,0.021326728051771,8103.08392757538
2017-03-01,-0.0467310798874188,0.145645580174302,0.148281255283599,0.192376660061721,0.195012335171018,0.0213003433220463,8103.08392757538
2017-04-01,0.123339188116045,0.0053932450211988,0.0101217892278248,-0.117945943094846,-0.11321739888822,0.0213142440602385,8103.08392757538
2017-05-01,-0.0774277635636089,0.124037236010845,0.170086670343316,0.201464999574454,0.247514433906925,0.0212886483785407,8103.08392757538
2017-06-01,0.0651416444055641,-0.0474499420812991,0.0213960758073548,-0.112591586486863,-0.0437455685982093,0.0213091168743175,8103.08392757538
2017-07-01,0.0327596306004985,0.0955772834790053,0.149930834545549,0.0628176528785068,0.117171203945051,0.0213004008963357,8103.08392757538
2017-08-01,0.384123914878831,0.109666209644188,0.184233839058211,-0.274457705234643,-0.19989007582062,0.0213050850281613,8103.08392757538
2017-09-01,0.509339652610752,0.208053433209055,0.192809206347197,-0.301286219401697,-0.316530446263555,0.0212774948553532,8103.08392757538
2017-10-01,0.0774752047124849,0.338072976038785,0.309313132224826,0.2605977713263,0.231837927512342,0.0212707297290896,8103.08392757538
2017-11-01,0.266445461431974,0.0732902006723358,0.0279702313292354,-0.193155260759639,-0.238475230102739,0.0212438089461804,8103.08392757538
2017-12-01,0.210467286617355,0.243890126556475,0.290971813148741,0.0334228399391195,0.0805045265313858,0.0212148368586878,8103.08392757538
2018-01-01,0.424432446182799,0.157546687690564,0.149063505196719,-0.266885758492235,-0.27536894098608,0.02120130348172,8103.08392757538
2018-02-01,0.268866988617766,0.291834150773833,0.282800194983204,0.0229671621560668,0.0139332063654378,0.0211740370300689,8103.08392757538
2018-03-01,0.0192343911505688,0.17143283921366,0.14884460237956,0.152198448063091,0.129610211228991,0.0211620864958731,8103.08392757538
2018-04-01,0.26010210660754,0.0945194347190578,0.0808604112892281,-0.165582671888483,-0.179241695318312,0.0211584678563754,8103.08392757538
2018-05-01,0.225540444376637,0.220608338722833,0.219868194175625,-0.00493210565380461,-0.005672250201012,0.0211188052289663,8103.08392757538
2018-06-01,0.0900739384547933,0.184783122325417,0.234842197911773,0.0947091838706234,0.14476825945698,0.0211043090154261,8103.08392757538
2018-07-01,0.0780515817194072,0.119986334861631,0.0710355578459911,0.0419347531422235,-0.00701602387341606,0.0210846396887152,8103.08392757538
2018-08-01,0.178572541323163,0.119855272441973,0.185779413126252,-0.0587172688811902,0.00720687180308885,0.0210891021351316,8103.08392757538
2018-09-01,0.206015811832483,0.0854507639560235,0.0652389478434179,-0.120565047876459,-0.140776863989065,0.0210767671585258,8103.08392757538
2018-10-01,0.233684758806607,0.192770965136582,0.228202704446966,-0.0409137936700251,-0.00548205435964083,0.0210606918283523,8103.08392757538
2018-11-01,-0.0704439979582361,0.196646226443234,0.229873595598894,0.26709022440147,0.30031759355713,0.0210412445061837,8103.08392757538
2018-12-01,0.0684659112032193,-0.00199102753436617,-0.0137869727999057,-0.0704569387375855,-0.082252884003125,0.0210080011648486,2980.95798704173
2019-01-01,-0.0815312080119313,0.0412362474903047,0.0048602158669299,0.122767455502236,0.0863914238788611,0.0209897708609985,2980.95798704173
2019-02-01,0.299676036717322,0.0449295801629232,0.0772979541559096,-0.254746456554399,-0.222378082561413,0.0210091741912171,8103.08392757538
2019-03-01,0.377465991642811,0.299810887936923,0.309856863816226,-0.0776551037058883,-0.0676091278265856,0.0209845729493713,8103.08392757538
2019-04-01,0.375262947492327,0.248679114671642,0.198947737504763,-0.126583832820686,-0.176315209987565,0.0209673185775967,8103.08392757538
2019-05-01,0.0246802827340353,0.264095982338247,0.275075257833282,0.239415699604212,0.250394975099246,0.020941622904074,2980.95798704173
2019-06-01,-0.0325165670854943,0.0714133376276729,0.0609866394138867,0.103929904713167,0.0935032064993811,0.020905989606373,8103.08392757538
2019-07-01,0.230521711037834,0.0411552246298791,0.0998073798994899,-0.189366486407955,-0.130714331138344,0.0209182440922376,8103.08392757538
2019-08-01,0.0914351870329178,0.28140628636923,0.360637978672687,0.189971099336312,0.269202791639769,0.0209043082087706,8103.08392757538
2019-09-01,0.153766328939486,0.107644655707038,0.0791065730443391,-0.0461216732324487,-0.0746597558951473,0.020881503969902,8103.08392757538
2019-10-01,0.282329305404261,0.207333329460351,0.264601730827439,-0.0749959759439097,-0.0177275745768218,0.020874871225004,8103.08392757538
2019-11-01,0.281146672606258,0.237762156718901,0.206874466475182,-0.0433845158873573,-0.074272206131076,0.020857294331857,8103.08392757538
2019-12-01,0.290798622764932,0.231807996865281,0.168802975340727,-0.0589906258996508,-0.121995647424204,0.0208408540793527,8103.08392757538
2020-01-01,0.191982011889724,0.271558692339377,0.296546120362209,0.0795766804496529,0.104564108472485,0.02081256325647,8103.08392757538
2020-02-01,0.047455810079633,0.137321557355118,0.131762758539781,0.0898657472754848,0.0843069484601477,0.0208011108497326,8103.08392757538
2020-03-01,-0.453873192290555,0.0843364917784721,0.0571615211871894,0.538209684069027,0.511034713477744,0.0205834174328443,8103.08392757538
2020-04-01,-0.795167851901812,-0.804218620231425,-0.488775694885484,-0.00905076832961238,0.306392157016328,0.0213541536066289,1096.63315842846
2020-05-01,-0.089872894524845,0.231409008091691,2.94260818407001,0.321281902616536,3.03248107859485,0.0214405994036203,1096.63315842846
2020-06-01,0.483578794500161,-0.357857877644609,-0.470885776778413,-0.84143667214477,-0.954464571278574,0.0337847461323802,1096.63315842846
2020-07-01,0.508350047179906,0.431957014651926,0.559767674700398,-0.07639303252798,0.0514176275204914,0.0640645114460707,2980.95798704173
2020-08-01,0.372439909098254,0.64860294847649,0.532928519260944,0.276163039378235,0.160488610162689,0.0250650146017481,2980.95798704173
2020-09-01,0.262269725717257,0.453903801861174,0.288775522613988,0.191634076143917,0.0265057968967314,0.0207847123463327,2980.95798704173
2020-10-01,0.123770954999181,0.26437761203384,0.212256973293431,0.140606657034659,0.0884860182942508,0.0480024888231412,2980.95798704173
2020-11-01,0.227155096428522,0.209799326225741,0.188214405058625,-0.0173557702027808,-0.0389406913698969,0.0207688893295868,2980.95798704173
2020-12-01,0.433689173626473,0.226501207330072,0.243572452010886,-0.2071879662964,-0.190116721615586,0.0207503012321573,2980.95798704173
2021-01-01,0.244696462323013,0.393250894725906,0.347157352987948,0.148554432402893,0.102460890664935,0.0207178604408632,2980.95798704173
2021-02-01,0.33899239327928,0.417324363172383,0.36606340567936,0.0783319698931029,0.0270710124000796,0.0300171207513838,2980.95798704173
2021-03-01,0.522951205037714,0.322884799755404,0.532300019231526,-0.20006640528231,0.0093488141938125,0.0273050606761675,2980.95798704173
2021-04-01,0.62192741497622,0.421378047870091,0.166935479152156,-0.200549367106129,-0.454991935824064,0.0574243117449681,2980.95798704173
2021-05-01,0.6613145296404,0.493264620102407,0.27109653175815,-0.168049909537993,-0.39021799788225,0.0205985178886977,2980.95798704173
2021-06-01,0.842618757842128,0.50174311881584,0.335392209058348,-0.340875639026288,-0.507226548783781,0.0205916698093563,2980.95798704173
2021-07-01,0.46041326767936,0.594785145123686,0.606896060110852,0.134371877444326,0.146482792431492,0.0206331864266023,2980.95798704173
2021-08-01,0.283889213191735,0.323332479957721,0.138694843227139,0.0394432667659864,-0.145194369964596,0.0206220321039953,2980.95798704173
2021-09-01,0.451530809997358,0.262493717727946,0.290298533664062,-0.189037092269412,-0.161232276333296,0.0206021814945247,2980.95798704173
2021-10-01,0.959205116305295,0.332978968179147,0.384215827132974,-0.626226148126148,-0.574989289172321,0.0205642353469628,2980.95798704173
2021-11-01,0.852978064827425,0.56750754731935,0.618218571553751,-0.285470517508075,-0.234759493273674,0.020579431642998,2980.95798704173
2021-12-01,0.688149863326437,0.551268518768201,0.500421052023054,-0.136881344558236,-0.187728811303383,0.0206241824220111,2980.95798704173
2022-01-01,0.60278356705199,0.392912081077876,0.352689742110661,-0.209871485974114,-0.250093824941329,0.0328691265120096,2980.95798704173
2022-02-01,0.690250217363975,0.525077717504928,0.6212690967181,-0.165172499859047,-0.068981120645875,0.0299391873207007,2980.95798704173
2022-03-01,1.10946409921393,0.526344213542625,0.669312301207729,-0.583119885671306,-0.440151798006202,0.0206316341787275,2980.95798704173
2022-04-01,0.307860751453592,0.636458761324685,0.857243616205611,0.328598009871092,0.549382864752018,0.0575986722893644,2980.95798704173
2022-05-01,0.94402960946427,0.297922671981459,0.452907597853327,-0.64610693748281,-0.491122011610943,0.0206433541407713,2980.95798704173
2022-06-01,1.24827848358358,0.520758781212765,0.555965819336337,-0.727519702370811,-0.692312664247238,0.0206223647160969,2980.95798704173
2022-07-01,-0.0149185414012543,0.791921674473149,0.910234390256871,0.806840215874403,0.925152931658125,0.0301527862351741,8103.08392757538
2022-08-01,0.0623718262284356,0.0121237196756879,-0.117086667625049,-0.0502481065527477,-0.179458493853485,0.0359904035848545,8103.08392757538
2022-09-01,0.423369798795115,0.194502400915353,0.163488456171157,-0.228867397879761,-0.259881342623958,0.0395033460120707,8103.08392757538
2022-10-01,0.557916232264422,0.3337797329315,0.341404638012437,-0.224136499332921,-0.216511594251984,0.0394479191579068,8103.08392757538
2022-11-01,0.261062191557038,0.44752076373092,0.473061445353927,0.186458572173882,0.21199925379689,0.0205537323311591,8103.08392757538
2022-12-01,0.0153944493274771,0.313194226076619,0.264334401007472,0.297799776749142,0.248939951679995,0.0432153344168031,8103.08392757538
2023-01-01,0.529995299865682,0.0258408245012307,0.0437360494683639,-0.504154475364451,-0.486259250397318,0.02052285956279,2980.95798704173
2023-02-01,0.342266936550661,0.45801150238419,0.501917329498415,0.115744565833529,0.159650392947754,0.0204757891055413,2980.95798704173
2023-03-01,0.12299614825535,0.276766658602917,0.250695343572399,0.153770510347567,0.127699195317049,0.0296898674845958,2980.95798704173
2023-04-01,0.338699704935408,0.223585257323096,0.205155621064248,-0.115114447612312,-0.13354408387116,0.0430479755984125,2980.95798704173
2023-05-01,0.161338517524623,0.452500212722908,0.362346999612235,0.291161695198285,0.201008482087612,0.0246144625821718,2980.95798704173
2023-06-01,0.223924433484246,0.204618999855946,0.256775793868516,-0.0193054336283001,0.0328513603842697,0.0356868177927483,2980.95798704173
2023-07-01,0.195523399396347,0.429571085572231,0.383194064537752,0.234047686175884,0.187670665141405,0.0204088857573757,2980.95798704173
2023-08-01,0.482405293863497,0.289373441538839,0.318684582103205,-0.193031852324658,-0.163720711760292,0.020391683202922,2980.95798704173
2023-09-01,0.389332659953823,0.468567294174813,0.452666501511836,0.0792346342209898,0.0633338415580132,0.0203695823786916,2980.95798704173
2023-10-01,0.136591605894409,0.433013302222196,0.416813951625067,0.296421696327786,0.280222345730658,0.0295345440134735,2980.95798704173
2023-11-01,0.146790447308742,0.153562387241663,0.202505540371956,0.00677193993292105,0.055715093063214,0.026879874213183,2980.95798704173
2023-12-01,0.192255067817282,0.261600785624968,0.0371780041012217,0.0693457178076857,-0.15507706371606,0.0203259030338022,2980.95798704173
2024-01-01,0.30948913761053,0.260120870469854,0.224641928192316,-0.0493682671406767,-0.0848472094182147,0.0469491743492136,2980.95798704173
2024-02-01,0.408916812862525,0.316929289858335,0.315849377361672,-0.0919875230041901,-0.0930674355008531,0.0203051120126784,2980.95798704173
2024-03-01,0.44215489032835,0.459344502702119,0.442949678600479,0.0171896123737692,0.000794788272128755,0.0202973854721569,2980.95798704173
2024-04-01,0.216832414080059,0.439189344956055,0.335492405040258,0.222356930875996,0.118659990960199,0.03891713441168,2980.95798704173
2024-05-01,0.0485469461688481,0.34870422451367,0.289311409727275,0.300157278344822,0.240764463558427,0.0202713883913365,2980.95798704173
2024-06-01,-0.0418383989980953,0.228626912223514,0.148450518397701,0.270465311221609,0.190288917395797,0.0426048815675872,2980.95798704173
2024-07-01,0.167567580897732,0.196369658906535,0.158041346664127,0.0288020780088033,-0.00952623423360432,0.0426359518045002,2980.95798704173
2024-08-01,0.157098709717562,0.289653846715115,0.272541554549307,0.132555136997552,0.115442844831745,0.0322399626812493,2980.95798704173
2024-09-01,0.213106439808097,0.178863228939951,0.143752894091119,-0.0342432108681465,-0.0693535457169784,0.0293570738900056,2980.95798704173
2024-10-01,0.285232670541991,0.301826921511223,0.260671450303549,0.0165942509692327,-0.0245612202384418,0.0467279912778754,2980.95798704173
2024-11-01,0.283789553580771,0.393292097355843,0.328931069147498,0.109502543775072,0.0451415155667273,0.0321863816653707,2980.95798704173
2024-12-01,0.33936184663732,0.344237557115717,0.25596978755455,0.00487571047839636,-0.0833920590827706,0.0266990780897958,2980.95798704173
2025-01-01,0.426351450544171,0.357889669999812,0.244318864931853,-0.0684617805443591,-0.182032585612318,0.0387146811486368,2980.95798704173
2025-02-01,0.224852906961726,0.389140998880787,0.357307827234758,0.164288091919062,0.132454920273033,0.061606264333627,2980.95798704173
2025-03-01,0.0331527657446706,0.259580904304704,0.244898080129164,0.226428138560033,0.211745314384494,0.0201530750789532,2980.95798704173
2025-04-01,0.161540575711605,0.138042352527094,0.123171926115985,-0.0234982231845112,-0.0383686495956199,0.0201444421025799,2980.95798704173
2025-05-01,0.0992320519796586,0.223241691595053,0.249127855145501,0.124009639615395,0.149895803165842,0.0351919553261761,2980.95798704173
2025-06-01,0.253872468162797,NA,NA,NA,NA,NA,NA
